name,brand,category,subcategory,unit_type,unit_size,case_size
Smirnoff Red Label,Smirnoff,Spirits,Vodka,bottle,700,12
Smirnoff Red Label,Smirnoff,Spirits,Vodka,bottle,1000,12
Smirnoff Vanilla,Smirnoff,Spirits,Vodka,bottle,700,12
Smirnoff Raspberry,Smirnoff,Spirits,Vodka,bottle,700,12
Smirnoff Green Apple,Smirnoff,Spirits,Vodka,bottle,700,12
Smirnoff Orange,Smirnoff,Spirits,Vodka,bottle,700,12
Smirnoff Cranberry,Smirnoff,Spirits,Vodka,bottle,700,12
Smirnoff Citrus,Smirnoff,Spirits,Vodka,bottle,700,12
Smirnoff Strawberry,Smirnoff,Spirits,Vodka,bottle,700,12
Smirnoff Black Cherry,Smirnoff,Spirits,Vodka,bottle,700,12
Smirnoff Watermelon,Smirnoff,Spirits,Vodka,bottle,700,12
Smirnoff Lime,Smirnoff,Spirits,Vodka,bottle,700,12
Smirnoff Blueberry,Smirnoff,Spirits,Vodka,bottle,700,12
Smirnoff Pineapple,Smirnoff,Spirits,Vodka,bottle,700,12
Smirnoff Mango,Smirnoff,Spirits,Vodka,bottle,700,12
Smirnoff Coconut,Smirnoff,Spirits,Vodka,bottle,700,12
Smirnoff Pink Lemonade,Smirnoff,Spirits,Vodka,bottle,700,12
Smirnoff Espresso,Smirnoff,Spirits,Vodka,bottle,700,12
Absolut Vodka,Absolut,Spirits,Vodka,bottle,700,12
Absolut Vodka,Absolut,Spirits,Vodka,bottle,1000,12
Absolut Citron,Absolut,Spirits,Vodka,bottle,700,12
Absolut Vanilla,Absolut,Spirits,Vodka,bottle,700,12
Absolut Raspberry (Raspberri),Absolut,Spirits,Vodka,bottle,700,12
Absolut Lime,Absolut,Spirits,Vodka,bottle,700,12
Absolut Mandrin (Orange),Absolut,Spirits,Vodka,bottle,700,12
Absolut Pears,Absolut,Spirits,Vodka,bottle,700,12
Absolut Mango,Absolut,Spirits,Vodka,bottle,700,12
Absolut Watermelon,Absolut,Spirits,Vodka,bottle,700,12
Grey Goose Vodka,Grey Goose,Spirits,Vodka,bottle,700,6
Grey Goose Vodka,Grey Goose,Spirits,Vodka,bottle,1000,6
Grey Goose La Poire (Pear),Grey Goose,Spirits,Vodka,bottle,700,6
Grey Goose Le Citron,Grey Goose,Spirits,Vodka,bottle,700,6
Grey Goose L'Orange,Grey Goose,Spirits,Vodka,bottle,700,6
Belvedere Vodka,Belvedere,Spirits,Vodka,bottle,700,6
Belvedere Vodka,Belvedere,Spirits,Vodka,bottle,1000,6
Russian Standard Vodka,Russian Standard,Spirits,Vodka,bottle,700,12
Russian Standard Vodka,Russian Standard,Spirits,Vodka,bottle,1000,12
Stolichnaya (Stoli) Vodka,Stolichnaya,Spirits,Vodka,bottle,700,12
Stolichnaya Vanilla,Stolichnaya,Spirits,Vodka,bottle,700,12
Stolichnaya Raspberry (Razberi),Stolichnaya,Spirits,Vodka,bottle,700,12
Ciroc Vodka,Ciroc,Spirits,Vodka,bottle,700,6
Ciroc Pineapple,Ciroc,Spirits,Vodka,bottle,700,6
Ciroc Red Berry,Ciroc,Spirits,Vodka,bottle,700,6
Ciroc Coconut,Ciroc,Spirits,Vodka,bottle,700,6
Ciroc Apple,Ciroc,Spirits,Vodka,bottle,700,6
Ketel One Vodka,Ketel One,Spirits,Vodka,bottle,700,12
Ketel One Citroen,Ketel One,Spirits,Vodka,bottle,700,12
Skyy Vodka,Skyy,Spirits,Vodka,bottle,700,12
Gordon's London Dry Gin,Gordon's,Spirits,Gin,bottle,700,12
Gordon's London Dry Gin,Gordon's,Spirits,Gin,bottle,1000,12
Gordon's Premium Pink Gin,Gordon's,Spirits,Gin,bottle,700,12
Gordon's Sicilian Lemon Gin,Gordon's,Spirits,Gin,bottle,700,12
Gordon's Mediterranean Orange Gin,Gordon's,Spirits,Gin,bottle,700,12
Gordon's White Peach Gin,Gordon's,Spirits,Gin,bottle,700,12
Bombay Sapphire Gin,Bombay Sapphire,Spirits,Gin,bottle,700,12
Bombay Sapphire Gin,Bombay Sapphire,Spirits,Gin,bottle,1000,12
Bombay Bramble (Blackberry & Raspberry),Bombay Sapphire,Spirits,Gin,bottle,700,12
Bombay Citron Presse (Lemon),Bombay Sapphire,Spirits,Gin,bottle,700,12
Tanqueray London Dry Gin,Tanqueray,Spirits,Gin,bottle,700,12
Tanqueray London Dry Gin,Tanqueray,Spirits,Gin,bottle,1000,12
Tanqueray Flor de Sevilla (Orange),Tanqueray,Spirits,Gin,bottle,700,12
Tanqueray Blackcurrant Royale,Tanqueray,Spirits,Gin,bottle,700,12
Tanqueray No. Ten,Tanqueray,Spirits,Gin,bottle,700,6
Beefeater London Dry Gin,Beefeater,Spirits,Gin,bottle,700,12
Beefeater London Dry Gin,Beefeater,Spirits,Gin,bottle,1000,12
Beefeater Pink Gin,Beefeater,Spirits,Gin,bottle,700,12
Beefeater Blood Orange Gin,Beefeater,Spirits,Gin,bottle,700,12
Hendrick's Gin,Hendrick's,Spirits,Gin,bottle,700,6
Hendrick's Orbium,Hendrick's,Spirits,Gin,bottle,700,6
Hendrick's Lunar,Hendrick's,Spirits,Gin,bottle,700,6
Hendrick's Midsummer Solstice,Hendrick's,Spirits,Gin,bottle,700,6
Warner's Rhubarb Gin,Warner's,Spirits,Gin,bottle,700,6
Warner's Elderflower Gin,Warner's,Spirits,Gin,bottle,700,6
Warner's Raspberry Gin,Warner's,Spirits,Gin,bottle,700,6
Whitley Neill Original Gin,Whitley Neill,Spirits,Gin,bottle,700,6
Whitley Neill Rhubarb & Ginger Gin,Whitley Neill,Spirits,Gin,bottle,700,6
Whitley Neill Blood Orange Gin,Whitley Neill,Spirits,Gin,bottle,700,6
Whitley Neill Raspberry Gin,Whitley Neill,Spirits,Gin,bottle,700,6
Whitley Neill Parma Violet Gin,Whitley Neill,Spirits,Gin,bottle,700,6
Whitley Neill Blackberry Gin,Whitley Neill,Spirits,Gin,bottle,700,6
Manchester Gin Original,Manchester Gin,Spirits,Gin,bottle,700,6
Manchester Raspberry Infused Gin,Manchester Gin,Spirits,Gin,bottle,700,6
Mermaid Gin,Isle of Wight Distillery,Spirits,Gin,bottle,700,6
Mermaid Pink Gin,Isle of Wight Distillery,Spirits,Gin,bottle,700,6
Sipsmith London Dry Gin,Sipsmith,Spirits,Gin,bottle,700,6
Sipsmith Lemon Drizzle Gin,Sipsmith,Spirits,Gin,bottle,700,6
Edinburgh Gin Classic,Edinburgh Gin,Spirits,Gin,bottle,700,6
Edinburgh Raspberry Gin,Edinburgh Gin,Spirits,Gin,bottle,700,6
Edinburgh Rhubarb & Ginger Gin,Edinburgh Gin,Spirits,Gin,bottle,700,6
Monkey 47 Schwarzwald Dry Gin,Monkey 47,Spirits,Gin,bottle,500,6
The Botanist Islay Dry Gin,The Botanist,Spirits,Gin,bottle,700,6
Opihr Oriental Spiced Gin,Opihr,Spirits,Gin,bottle,700,6
Malfy Gin Con Limone (Lemon),Malfy,Spirits,Gin,bottle,700,6
Malfy Gin Rosa (Pink Grapefruit),Malfy,Spirits,Gin,bottle,700,6
Malfy Gin Arancia (Blood Orange),Malfy,Spirits,Gin,bottle,700,6
Plymouth Gin,Plymouth,Spirits,Gin,bottle,700,6
Hayman's London Dry Gin,Hayman's,Spirits,Gin,bottle,700,6
Johnnie Walker Red Label,Johnnie Walker,Spirits,Whisky,bottle,700,12
Johnnie Walker Black Label,Johnnie Walker,Spirits,Whisky,bottle,700,12
Johnnie Walker Double Black,Johnnie Walker,Spirits,Whisky,bottle,700,12
Johnnie Walker Gold Label Reserve,Johnnie Walker,Spirits,Whisky,bottle,700,6
Johnnie Walker Blue Label,Johnnie Walker,Spirits,Whisky,bottle,700,6
Johnnie Walker Green Label,Johnnie Walker,Spirits,Whisky,bottle,700,6
Famous Grouse,The Famous Grouse,Spirits,Whisky,bottle,700,12
Famous Grouse,The Famous Grouse,Spirits,Whisky,bottle,1000,12
Bells Original,Bell's,Spirits,Whisky,bottle,700,12
Bells Original,Bell's,Spirits,Whisky,bottle,1000,12
Whyte & Mackay Special,Whyte & Mackay,Spirits,Whisky,bottle,700,12
Whyte & Mackay Special,Whyte & Mackay,Spirits,Whisky,bottle,1000,12
Grant's Family Reserve,Grant's,Spirits,Whisky,bottle,700,12
Grant's Family Reserve,Grant's,Spirits,Whisky,bottle,1000,12
Teachers Highland Cream,Teacher's,Spirits,Whisky,bottle,700,12
Teachers Highland Cream,Teacher's,Spirits,Whisky,bottle,1000,12
Chivas Regal 12 Year Old,Chivas Regal,Spirits,Whisky,bottle,700,6
Chivas Regal 18 Year Old,Chivas Regal,Spirits,Whisky,bottle,700,6
Ballantine's Finest,Ballantine's,Spirits,Whisky,bottle,700,12
Ballantine's Finest,Ballantine's,Spirits,Whisky,bottle,1000,12
Ballantine's 12 Year Old,Ballantine's,Spirits,Whisky,bottle,700,6
William Lawson's,William Lawson's,Spirits,Whisky,bottle,700,12
William Lawson's,William Lawson's,Spirits,Whisky,bottle,1000,12
J&B Rare,J&B,Spirits,Whisky,bottle,700,12
J&B Rare,J&B,Spirits,Whisky,bottle,1000,12
Glenfiddich 12 Year Old,Glenfiddich,Spirits,Whisky,bottle,700,6
Glenfiddich 15 Year Old,Glenfiddich,Spirits,Whisky,bottle,700,6
Glenfiddich 18 Year Old,Glenfiddich,Spirits,Whisky,bottle,700,6
The Glenlivet 12 Year Old,The Glenlivet,Spirits,Whisky,bottle,700,6
The Glenlivet 15 Year Old,The Glenlivet,Spirits,Whisky,bottle,700,6
The Glenlivet 18 Year Old,The Glenlivet,Spirits,Whisky,bottle,700,6
Glenmorangie Original 10 Year Old,Glenmorangie,Spirits,Whisky,bottle,700,6
Glenmorangie Lasanta 12 Year Old,Glenmorangie,Spirits,Whisky,bottle,700,6
Glenmorangie Quinta Ruban,Glenmorangie,Spirits,Whisky,bottle,700,6
The Macallan 12 Year Old Double Cask,The Macallan,Spirits,Whisky,bottle,700,6
The Macallan 15 Year Old Double Cask,The Macallan,Spirits,Whisky,bottle,700,6
The Macallan 18 Year Old Double Cask,The Macallan,Spirits,Whisky,bottle,700,6
Laphroaig 10 Year Old,Laphroaig,Spirits,Whisky,bottle,700,6
Laphroaig Quarter Cask,Laphroaig,Spirits,Whisky,bottle,700,6
Lagavulin 16 Year Old,Lagavulin,Spirits,Whisky,bottle,700,6
Ardbeg 10 Year Old,Ardbeg,Spirits,Whisky,bottle,700,6
Ardbeg An Oa,Ardbeg,Spirits,Whisky,bottle,700,6
Talisker 10 Year Old,Talisker,Spirits,Whisky,bottle,700,6
Highland Park 12 Year Old,Highland Park,Spirits,Whisky,bottle,700,6
Oban 14 Year Old,Oban,Spirits,Whisky,bottle,700,6
Bowmore 12 Year Old,Bowmore,Spirits,Whisky,bottle,700,6
Jura 10 Year Old Origin,Jura,Spirits,Whisky,bottle,700,6
Jameson Irish Whiskey,Jameson,Spirits,Whisky,bottle,700,12
Jameson Irish Whiskey,Jameson,Spirits,Whisky,bottle,1000,12
Jameson Black Barrel,Jameson,Spirits,Whisky,bottle,700,6
Jameson Caskmates Stout Edition,Jameson,Spirits,Whisky,bottle,700,6
Jameson Caskmates IPA Edition,Jameson,Spirits,Whisky,bottle,700,6
Bushmills Original,Bushmills,Spirits,Whisky,bottle,700,12
Bushmills Black Bush,Bushmills,Spirits,Whisky,bottle,700,6
Bushmills 10 Year Old,Bushmills,Spirits,Whisky,bottle,700,6
Tullamore D.E.W.,Tullamore Dew,Spirits,Whisky,bottle,700,12
Tullamore D.E.W.,Tullamore Dew,Spirits,Whisky,bottle,1000,12
Tullamore D.E.W. 12 Year Old,Tullamore Dew,Spirits,Whisky,bottle,700,6
Powers Gold Label,Powers,Spirits,Whisky,bottle,700,12
Redbreast 12 Year Old,Redbreast,Spirits,Whisky,bottle,700,6
Teeling Small Batch,Teeling,Spirits,Whisky,bottle,700,6
Jack Daniel's Old No.7,Jack Daniel's,Spirits,Whisky,bottle,700,12
Jack Daniel's Old No.7,Jack Daniel's,Spirits,Whisky,bottle,1000,12
Jack Daniel's Tennessee Honey,Jack Daniel's,Spirits,Whisky,bottle,700,12
Jack Daniel's Tennessee Fire,Jack Daniel's,Spirits,Whisky,bottle,700,12
Jack Daniel's Tennessee Apple,Jack Daniel's,Spirits,Whisky,bottle,700,12
Jack Daniel's Single Barrel,Jack Daniel's,Spirits,Whisky,bottle,700,6
Jack Daniel's Gentleman Jack,Jack Daniel's,Spirits,Whisky,bottle,700,6
Jim Beam White Label,Jim Beam,Spirits,Whisky,bottle,700,12
Jim Beam White Label,Jim Beam,Spirits,Whisky,bottle,1000,12
Jim Beam Black,Jim Beam,Spirits,Whisky,bottle,700,6
Jim Beam Honey,Jim Beam,Spirits,Whisky,bottle,700,12
Jim Beam Apple,Jim Beam,Spirits,Whisky,bottle,700,12
Jim Beam Red Stag (Black Cherry),Jim Beam,Spirits,Whisky,bottle,700,12
Maker's Mark Bourbon,Maker's Mark,Spirits,Whisky,bottle,700,6
Woodford Reserve Bourbon,Woodford Reserve,Spirits,Whisky,bottle,700,6
Buffalo Trace Bourbon,Buffalo Trace,Spirits,Whisky,bottle,700,6
Wild Turkey 81 Proof,Wild Turkey,Spirits,Whisky,bottle,700,12
Four Roses Bourbon,Four Roses,Spirits,Whisky,bottle,700,6
Bulleit Bourbon,Bulleit,Spirits,Whisky,bottle,700,6
Knob Creek Bourbon,Knob Creek,Spirits,Whisky,bottle,700,6
Yamazaki 12 Year Old,Yamazaki,Spirits,Whisky,bottle,700,6
Hibiki Japanese Harmony,Hibiki,Spirits,Whisky,bottle,700,6
Nikka From The Barrel,Nikka,Spirits,Whisky,bottle,500,6
Nikka Coffey Grain,Nikka,Spirits,Whisky,bottle,700,6
Bacardi Carta Blanca (White),Bacardi,Spirits,Rum,bottle,700,12
Bacardi Carta Blanca (White),Bacardi,Spirits,Rum,bottle,1000,12
Bacardi Carta Oro (Gold),Bacardi,Spirits,Rum,bottle,700,12
Bacardi Carta Negra (Black),Bacardi,Spirits,Rum,bottle,700,12
Bacardi Spiced,Bacardi,Spirits,Rum,bottle,700,12
Bacardi Coconut,Bacardi,Spirits,Rum,bottle,700,12
Bacardi Raspberry,Bacardi,Spirits,Rum,bottle,700,12
Captain Morgan Original Spiced Gold,Captain Morgan,Spirits,Rum,bottle,700,12
Captain Morgan Original Spiced Gold,Captain Morgan,Spirits,Rum,bottle,1000,12
Captain Morgan White Rum,Captain Morgan,Spirits,Rum,bottle,700,12
Captain Morgan Dark Rum,Captain Morgan,Spirits,Rum,bottle,700,12
Captain Morgan Black Spiced,Captain Morgan,Spirits,Rum,bottle,700,12
Captain Morgan Tiki,Captain Morgan,Spirits,Rum,bottle,700,12
Kraken Black Spiced Rum,Kraken,Spirits,Rum,bottle,700,12
Kraken Black Spiced Rum,Kraken,Spirits,Rum,bottle,1000,6
Malibu Original (Coconut),Malibu,Spirits,Rum,bottle,700,12
Malibu Original (Coconut),Malibu,Spirits,Rum,bottle,1000,12
Malibu Strawberry,Malibu,Spirits,Rum,bottle,700,12
Malibu Mango,Malibu,Spirits,Rum,bottle,700,12
Malibu Passion Fruit,Malibu,Spirits,Rum,bottle,700,12
Malibu Pineapple,Malibu,Spirits,Rum,bottle,700,12
Havana Club 3 Year Old,Havana Club,Spirits,Rum,bottle,700,12
Havana Club 7 Year Old,Havana Club,Spirits,Rum,bottle,700,6
Havana Club Especial,Havana Club,Spirits,Rum,bottle,700,12
Mount Gay Eclipse,Mount Gay,Spirits,Rum,bottle,700,12
Mount Gay Black Barrel,Mount Gay,Spirits,Rum,bottle,700,6
Sailor Jerry Spiced Rum,Sailor Jerry,Spirits,Rum,bottle,700,12
Dead Man's Fingers Spiced Rum,Dead Man's Fingers,Spirits,Rum,bottle,700,6
Dead Man's Fingers Coffee Rum,Dead Man's Fingers,Spirits,Rum,bottle,700,6
Dead Man's Fingers Coconut Rum,Dead Man's Fingers,Spirits,Rum,bottle,700,6
Lamb's Navy Rum,Lamb's,Spirits,Rum,bottle,700,12
Wray & Nephew White Overproof Rum,Wray & Nephew,Spirits,Rum,bottle,700,12
Appleton Estate Signature Blend,Appleton Estate,Spirits,Rum,bottle,700,12
Diplomatico Reserva Exclusiva,Diplomatico,Spirits,Rum,bottle,700,6
Zacapa 23 Year Old,Zacapa,Spirits,Rum,bottle,700,6
Jose Cuervo Especial Gold,Jose Cuervo,Spirits,Tequila,bottle,700,12
Jose Cuervo Especial Silver,Jose Cuervo,Spirits,Tequila,bottle,700,12
Olmeca Blanco,Olmeca,Spirits,Tequila,bottle,700,12
Olmeca Reposado,Olmeca,Spirits,Tequila,bottle,700,12
Sierra Silver Tequila,Sierra,Spirits,Tequila,bottle,700,12
Sierra Reposado Tequila,Sierra,Spirits,Tequila,bottle,700,12
Patron Silver,Patron,Spirits,Tequila,bottle,700,6
Patron Reposado,Patron,Spirits,Tequila,bottle,700,6
Patron Añejo,Patron,Spirits,Tequila,bottle,700,6
Don Julio Blanco,Don Julio,Spirits,Tequila,bottle,700,6
Don Julio Reposado,Don Julio,Spirits,Tequila,bottle,700,6
Casamigos Blanco,Casamigos,Spirits,Tequila,bottle,700,6
Casamigos Reposado,Casamigos,Spirits,Tequila,bottle,700,6
El Jimador Blanco,El Jimador,Spirits,Tequila,bottle,700,12
El Jimador Reposado,El Jimador,Spirits,Tequila,bottle,700,12
Baileys Original Irish Cream,Baileys,Spirits,Liqueurs & Specialities,bottle,700,12
Baileys Original Irish Cream,Baileys,Spirits,Liqueurs & Specialities,bottle,1000,12
Baileys Strawberries & Cream,Baileys,Spirits,Liqueurs & Specialities,bottle,700,12
Baileys Salted Caramel,Baileys,Spirits,Liqueurs & Specialities,bottle,700,12
Baileys Espresso Creme,Baileys,Spirits,Liqueurs & Specialities,bottle,700,12
Kahlua Coffee Liqueur,Kahlua,Spirits,Liqueurs & Specialities,bottle,700,12
Tia Maria Coffee Liqueur,Tia Maria,Spirits,Liqueurs & Specialities,bottle,700,12
Disaronno Originale Amaretto,Disaronno,Spirits,Liqueurs & Specialities,bottle,700,12
Cointreau,Cointreau,Spirits,Liqueurs & Specialities,bottle,700,12
Grand Marnier,Grand Marnier,Spirits,Liqueurs & Specialities,bottle,700,6
Drambuie,Drambuie,Spirits,Liqueurs & Specialities,bottle,700,6
Southern Comfort,Southern Comfort,Spirits,Liqueurs & Specialities,bottle,700,12
Jägermeister,Jägermeister,Spirits,Liqueurs & Specialities,bottle,700,12
Jägermeister,Jägermeister,Spirits,Liqueurs & Specialities,bottle,1000,12
Sambuca Molinari,Molinari,Spirits,Liqueurs & Specialities,bottle,700,12
Sambuca Luxardo,Luxardo,Spirits,Liqueurs & Specialities,bottle,700,12
Pernod Anise,Pernod,Spirits,Liqueurs & Specialities,bottle,700,12
Chambord Black Raspberry Liqueur,Chambord,Spirits,Liqueurs & Specialities,bottle,500,6
St-Germain Elderflower Liqueur,St-Germain,Spirits,Liqueurs & Specialities,bottle,700,6
Aperol,Aperol,Spirits,Aperitifs & Digestifs,bottle,700,12
Aperol,Aperol,Spirits,Aperitifs & Digestifs,bottle,1000,6
Campari,Campari,Spirits,Aperitifs & Digestifs,bottle,700,12
Martini Rosso,Martini,Spirits,Aperitifs & Digestifs,bottle,750,12
Martini Bianco,Martini,Spirits,Aperitifs & Digestifs,bottle,750,12
Martini Extra Dry,Martini,Spirits,Aperitifs & Digestifs,bottle,750,12
Pimm's No.1,Pimm's,Spirits,Aperitifs & Digestifs,bottle,700,12
Pimm's No.1,Pimm's,Spirits,Aperitifs & Digestifs,bottle,1000,12
Angostura Aromatic Bitters,Angostura,Spirits,Bitters & Syrups,bottle,200,12
Angostura Orange Bitters,Angostura,Spirits,Bitters & Syrups,bottle,100,12
Peychaud's Bitters,Peychaud's,Spirits,Bitters & Syrups,bottle,148,12
Seedlip Grove 42,Seedlip,Spirits,Low & No Alcohol Spirits,bottle,700,6
Seedlip Spice 94,Seedlip,Spirits,Low & No Alcohol Spirits,bottle,700,6
Seedlip Garden 108,Seedlip,Spirits,Low & No Alcohol Spirits,bottle,700,6
Lyre's Dry London Spirit,Lyre's,Spirits,Low & No Alcohol Spirits,bottle,700,6
Lyre's American Malt,Lyre's,Spirits,Low & No Alcohol Spirits,bottle,700,6
Lyre's Italian Orange,Lyre's,Spirits,Low & No Alcohol Spirits,bottle,700,6
Gordon's 0.0% Alcohol Free,Gordon's,Spirits,Low & No Alcohol Spirits,bottle,700,12
Carling Lager,Carling,Beers & Ales,Lager,keg,50000,1
Carling Lager,Carling,Beers & Ales,Lager,bottle,440,24
Carling Lager,Carling,Beers & Ales,Lager,can,440,24
Stella Artois,Stella Artois,Beers & Ales,Lager,keg,50000,1
Stella Artois,Stella Artois,Beers & Ales,Lager,bottle,330,24
Stella Artois,Stella Artois,Beers & Ales,Lager,can,440,24
Foster's Lager,Foster's,Beers & Ales,Lager,keg,50000,1
Foster's Lager,Foster's,Beers & Ales,Lager,can,440,24
Heineken,Heineken,Beers & Ales,Lager,keg,50000,1
Heineken,Heineken,Beers & Ales,Lager,bottle,330,24
Heineken,Heineken,Beers & Ales,Lager,can,440,24
Carlsberg,Carlsberg,Beers & Ales,Lager,keg,50000,1
Carlsberg,Carlsberg,Beers & Ales,Lager,bottle,330,24
Carlsberg,Carlsberg,Beers & Ales,Lager,can,440,24
Budweiser,Budweiser,Beers & Ales,Lager,keg,50000,1
Budweiser,Budweiser,Beers & Ales,Lager,bottle,330,24
Budweiser,Budweiser,Beers & Ales,Lager,can,440,24
Corona Extra,Corona,Beers & Ales,Lager,bottle,330,24
Peroni Nastro Azzurro,Peroni,Beers & Ales,Lager,keg,50000,1
Peroni Nastro Azzurro,Peroni,Beers & Ales,Lager,bottle,330,24
San Miguel,San Miguel,Beers & Ales,Lager,keg,50000,1
San Miguel,San Miguel,Beers & Ales,Lager,bottle,330,24
Kronenbourg 1664,Kronenbourg,Beers & Ales,Lager,keg,50000,1
Kronenbourg 1664,Kronenbourg,Beers & Ales,Lager,bottle,330,24
Kronenbourg 1664,Kronenbourg,Beers & Ales,Lager,can,440,24
Moretti,Moretti,Beers & Ales,Lager,bottle,330,24
Amstel,Amstel,Beers & Ales,Lager,can,440,24
Grolsch,Grolsch,Beers & Ales,Lager,bottle,450,15
Becks,Beck's,Beers & Ales,Lager,bottle,275,24
Asahi Super Dry,Asahi,Beers & Ales,Lager,keg,50000,1
Asahi Super Dry,Asahi,Beers & Ales,Lager,bottle,330,24
Cobra,Cobra,Beers & Ales,Lager,bottle,330,12
Tiger,Tiger,Beers & Ales,Lager,bottle,330,24
Estrella Damm,Estrella,Beers & Ales,Lager,keg,50000,1
Estrella Damm,Estrella,Beers & Ales,Lager,bottle,330,24
Modelo Especial,Modelo,Beers & Ales,Lager,bottle,330,24
Pacifico,Pacifico,Beers & Ales,Lager,bottle,355,24
Guinness Draught,Guinness,Beers & Ales,Cask Ale,keg,50000,1
Guinness Draught,Guinness,Beers & Ales,Cask Ale,can,440,24
John Smith's Extra Smooth,John Smith's,Beers & Ales,Cask Ale,keg,50000,1
John Smith's Extra Smooth,John Smith's,Beers & Ales,Cask Ale,can,440,24
Greene King IPA,Greene King,Beers & Ales,Cask Ale,cask,72000,1
Greene King Abbot Ale,Greene King,Beers & Ales,Cask Ale,cask,72000,1
London Pride,Fuller's,Beers & Ales,Cask Ale,cask,72000,1
Timothy Taylor Landlord,Timothy Taylor,Beers & Ales,Cask Ale,cask,72000,1
Doom Bar,Sharp's,Beers & Ales,Cask Ale,cask,72000,1
Doom Bar,Sharp's,Beers & Ales,Cask Ale,bottle,500,8
Old Speckled Hen,Morland,Beers & Ales,Cask Ale,bottle,500,8
Pedigree,Marston's,Beers & Ales,Cask Ale,cask,72000,1
Bass Pale Ale,Bass,Beers & Ales,Cask Ale,bottle,500,8
Newcastle Brown Ale,Newcastle,Beers & Ales,Cask Ale,bottle,550,8
BrewDog Punk IPA,BrewDog,Beers & Ales,Craft Beer,bottle,330,24
BrewDog Punk IPA,BrewDog,Beers & Ales,Craft Beer,can,330,24
BrewDog Elvis Juice,BrewDog,Beers & Ales,Craft Beer,can,330,24
BrewDog Dead Pony Club,BrewDog,Beers & Ales,Craft Beer,can,330,24
Camden Hells Lager,Camden Town,Beers & Ales,Craft Beer,can,330,24
Camden Pale Ale,Camden Town,Beers & Ales,Craft Beer,can,330,24
Beavertown Neck Oil,Beavertown,Beers & Ales,Craft Beer,can,330,24
Beavertown Gamma Ray,Beavertown,Beers & Ales,Craft Beer,can,330,24
Meantime London Lager,Meantime,Beers & Ales,Craft Beer,bottle,330,24
Meantime London Pale Ale,Meantime,Beers & Ales,Craft Beer,bottle,330,24
Thornbridge Jaipur IPA,Thornbridge,Beers & Ales,Craft Beer,bottle,330,12
Cloudwater DIPA,Cloudwater,Beers & Ales,Craft Beer,can,440,12
Northern Monk Faith,Northern Monk,Beers & Ales,Craft Beer,can,440,12
Tiny Rebel Cwtch,Tiny Rebel,Beers & Ales,Craft Beer,can,330,24
Vocation Bread & Butter,Vocation,Beers & Ales,Craft Beer,can,440,12
Heineken 0.0,Heineken,Beers & Ales,Low & No Alcohol Beer,bottle,330,24
Heineken 0.0,Heineken,Beers & Ales,Low & No Alcohol Beer,can,330,24
Peroni Libera 0.0%,Peroni,Beers & Ales,Low & No Alcohol Beer,bottle,330,24
Budweiser Zero,Budweiser,Beers & Ales,Low & No Alcohol Beer,bottle,330,24
Guinness 0.0,Guinness,Beers & Ales,Low & No Alcohol Beer,can,440,24
Corona Cero,Corona,Beers & Ales,Low & No Alcohol Beer,bottle,330,24
Beck's Blue,Beck's,Beers & Ales,Low & No Alcohol Beer,bottle,275,24
Stella Artois 0.0%,Stella Artois,Beers & Ales,Low & No Alcohol Beer,bottle,330,24
BrewDog Nanny State,BrewDog,Beers & Ales,Low & No Alcohol Beer,can,330,24
Erdinger Alkoholfrei,Erdinger,Beers & Ales,Low & No Alcohol Beer,bottle,500,20
WKD Blue,WKD,Beers & Ales,RTDs (Ready-to-Drink),bottle,700,12
WKD Iron Brew,WKD,Beers & Ales,RTDs (Ready-to-Drink),bottle,700,12
Smirnoff Ice,Smirnoff,Beers & Ales,RTDs (Ready-to-Drink),bottle,700,12
Gordon's Premix Gin & Tonic,Gordon's,Beers & Ales,RTDs (Ready-to-Drink),can,250,24
Bacardi & Cola,Bacardi,Beers & Ales,RTDs (Ready-to-Drink),can,250,24
Jack Daniel's & Cola,Jack Daniel's,Beers & Ales,RTDs (Ready-to-Drink),can,330,24
Captain Morgan & Cola,Captain Morgan,Beers & Ales,RTDs (Ready-to-Drink),can,250,24
Strongbow Original Cider,Strongbow,Cider & Perry,Cider (Draught),keg,50000,1
Strongbow Original Cider,Strongbow,Cider & Perry,Bottled Cider,bottle,440,24
Strongbow Dark Fruit,Strongbow,Cider & Perry,Bottled Cider,bottle,440,24
Magners Original,Magners,Cider & Perry,Cider (Draught),keg,50000,1
Magners Original,Magners,Cider & Perry,Bottled Cider,bottle,568,12
Magners Pear,Magners,Cider & Perry,Bottled Cider,bottle,568,12
Magners Berry,Magners,Cider & Perry,Bottled Cider,bottle,568,12
Kopparberg Strawberry & Lime,Kopparberg,Cider & Perry,Bottled Cider,bottle,500,15
Kopparberg Mixed Fruit,Kopparberg,Cider & Perry,Bottled Cider,bottle,500,15
Kopparberg Pear,Kopparberg,Cider & Perry,Bottled Cider,bottle,500,15
Kopparberg Elderflower & Lime,Kopparberg,Cider & Perry,Bottled Cider,bottle,500,15
Rekorderlig Strawberry & Lime,Rekorderlig,Cider & Perry,Bottled Cider,bottle,500,15
Rekorderlig Wild Berry,Rekorderlig,Cider & Perry,Bottled Cider,bottle,500,15
Rekorderlig Passionfruit,Rekorderlig,Cider & Perry,Bottled Cider,bottle,500,15
Bulmers Original,Bulmers,Cider & Perry,Cider (Draught),keg,50000,1
Bulmers Original,Bulmers,Cider & Perry,Bottled Cider,bottle,568,12
Bulmers Crushed Red Berries,Bulmers,Cider & Perry,Bottled Cider,bottle,568,12
Bulmers Pear,Bulmers,Cider & Perry,Bottled Cider,bottle,568,12
Old Mout Berries & Cherries,Old Mout,Cider & Perry,Bottled Cider,bottle,500,12
Old Mout Kiwi & Lime,Old Mout,Cider & Perry,Bottled Cider,bottle,500,12
Old Mout Pineapple & Raspberry,Old Mout,Cider & Perry,Bottled Cider,bottle,500,12
Thatchers Gold,Thatchers,Cider & Perry,Cider (Draught),keg,50000,1
Thatchers Gold,Thatchers,Cider & Perry,Bottled Cider,bottle,500,12
Thatchers Haze,Thatchers,Cider & Perry,Bottled Cider,bottle,500,12
Aspall Suffolk Cyder,Aspall,Cider & Perry,Bottled Cider,bottle,500,12
Somersby Apple Cider,Somersby,Cider & Perry,Bottled Cider,bottle,330,24
Henry Westons Vintage Cider,Henry Weston's,Cider & Perry,Bottled Cider,bottle,500,8
Coca-Cola Classic,Coca-Cola,Soft Drinks,Bottled Soft Drinks,bottle,330,24
Coca-Cola Classic,Coca-Cola,Soft Drinks,Bottled Soft Drinks,can,330,24
Coca-Cola Zero Sugar,Coca-Cola,Soft Drinks,Bottled Soft Drinks,bottle,330,24
Coca-Cola Zero Sugar,Coca-Cola,Soft Drinks,Bottled Soft Drinks,can,330,24
Diet Coke,Coca-Cola,Soft Drinks,Bottled Soft Drinks,bottle,330,24
Diet Coke,Coca-Cola,Soft Drinks,Bottled Soft Drinks,can,330,24
Coca-Cola,Coca-Cola,Soft Drinks,Bag-in-Box Soft Drinks,bag-in-box,10000,1
Coca-Cola Zero,Coca-Cola,Soft Drinks,Bag-in-Box Soft Drinks,bag-in-box,10000,1
Diet Coke,Coca-Cola,Soft Drinks,Bag-in-Box Soft Drinks,bag-in-box,10000,1
Pepsi,Pepsi,Soft Drinks,Bottled Soft Drinks,bottle,330,24
Pepsi,Pepsi,Soft Drinks,Bottled Soft Drinks,can,330,24
Pepsi Max,Pepsi,Soft Drinks,Bottled Soft Drinks,bottle,330,24
Pepsi Max,Pepsi,Soft Drinks,Bottled Soft Drinks,can,330,24
Pepsi,Pepsi,Soft Drinks,Bag-in-Box Soft Drinks,bag-in-box,10000,1
Pepsi Max,Pepsi,Soft Drinks,Bag-in-Box Soft Drinks,bag-in-box,10000,1
7UP,7UP,Soft Drinks,Bottled Soft Drinks,bottle,330,24
7UP,7UP,Soft Drinks,Bottled Soft Drinks,can,330,24
7UP Free,7UP,Soft Drinks,Bottled Soft Drinks,bottle,330,24
Sprite,Sprite,Soft Drinks,Bottled Soft Drinks,bottle,330,24
Sprite,Sprite,Soft Drinks,Bottled Soft Drinks,can,330,24
Sprite Zero,Sprite,Soft Drinks,Bottled Soft Drinks,can,330,24
Fanta Orange,Fanta,Soft Drinks,Bottled Soft Drinks,bottle,330,24
Fanta Orange,Fanta,Soft Drinks,Bottled Soft Drinks,can,330,24
Fanta Lemon,Fanta,Soft Drinks,Bottled Soft Drinks,can,330,24
Fanta Fruit Twist,Fanta,Soft Drinks,Bottled Soft Drinks,can,330,24
Schweppes Lemonade,Schweppes,Soft Drinks,Bottled Soft Drinks,bottle,330,24
Schweppes Ginger Ale,Schweppes,Soft Drinks,Mixers & Tonic Waters,bottle,200,24
Schweppes Tonic Water,Schweppes,Soft Drinks,Mixers & Tonic Waters,bottle,200,24
Schweppes Slimline Tonic,Schweppes,Soft Drinks,Mixers & Tonic Waters,bottle,200,24
Fever-Tree Indian Tonic Water,Fever-Tree,Soft Drinks,Mixers & Tonic Waters,bottle,200,24
Fever-Tree Mediterranean Tonic,Fever-Tree,Soft Drinks,Mixers & Tonic Waters,bottle,200,24
Fever-Tree Elderflower Tonic,Fever-Tree,Soft Drinks,Mixers & Tonic Waters,bottle,200,24
Fever-Tree Light Tonic Water,Fever-Tree,Soft Drinks,Mixers & Tonic Waters,bottle,200,24
Fever-Tree Ginger Ale,Fever-Tree,Soft Drinks,Mixers & Tonic Waters,bottle,200,24
Fever-Tree Ginger Beer,Fever-Tree,Soft Drinks,Mixers & Tonic Waters,bottle,200,24
Schweppes Soda Water,Schweppes,Soft Drinks,Mixers & Tonic Waters,bottle,200,24
Britvic Orange Juice,Britvic,Soft Drinks,Juices & Cordials,bottle,250,24
Britvic Apple Juice,Britvic,Soft Drinks,Juices & Cordials,bottle,250,24
Britvic Cranberry Juice,Britvic,Soft Drinks,Juices & Cordials,bottle,250,24
Britvic Pineapple Juice,Britvic,Soft Drinks,Juices & Cordials,bottle,250,24
Britvic Tomato Juice,Britvic,Soft Drinks,Juices & Cordials,bottle,250,24
J2O Orange & Passion Fruit,J2O,Soft Drinks,Juices & Cordials,bottle,275,24
J2O Apple & Mango,J2O,Soft Drinks,Juices & Cordials,bottle,275,24
J2O Apple & Raspberry,J2O,Soft Drinks,Juices & Cordials,bottle,275,24
Robinsons Orange Squash,Robinsons,Soft Drinks,Juices & Cordials,bottle,1000,8
Robinsons Lemon Barley,Robinsons,Soft Drinks,Juices & Cordials,bottle,1000,8
Robinsons Summer Fruits,Robinsons,Soft Drinks,Juices & Cordials,bottle,1000,8
Robinsons Blackcurrant,Robinsons,Soft Drinks,Juices & Cordials,bottle,1000,8
Red Bull Energy Drink,Red Bull,Soft Drinks,Energy Drinks,can,250,24
Red Bull Sugar Free,Red Bull,Soft Drinks,Energy Drinks,can,250,24
Red Bull Tropical,Red Bull,Soft Drinks,Energy Drinks,can,250,24
Monster Energy,Monster,Soft Drinks,Energy Drinks,can,500,24
Monster Ultra Zero,Monster,Soft Drinks,Energy Drinks,can,500,24
Relentless Origin,Relentless,Soft Drinks,Energy Drinks,can,500,24
Rockstar Energy,Rockstar,Soft Drinks,Energy Drinks,can,500,24
Lucozade Energy Original,Lucozade,Soft Drinks,Energy Drinks,bottle,380,24
Lucozade Energy Orange,Lucozade,Soft Drinks,Energy Drinks,bottle,380,24
Evian Still Water,Evian,Soft Drinks,Bottled Water,bottle,330,24
Evian Still Water,Evian,Soft Drinks,Bottled Water,bottle,750,12
Highland Spring Still Water,Highland Spring,Soft Drinks,Bottled Water,bottle,330,24
Highland Spring Still Water,Highland Spring,Soft Drinks,Bottled Water,bottle,500,24
Highland Spring Sparkling Water,Highland Spring,Soft Drinks,Bottled Water,bottle,500,24
Volvic Still Water,Volvic,Soft Drinks,Bottled Water,bottle,500,24
San Pellegrino Sparkling Water,San Pellegrino,Soft Drinks,Bottled Water,bottle,500,24
Perrier Sparkling Water,Perrier,Soft Drinks,Bottled Water,bottle,330,24
Buxton Still Water,Buxton,Soft Drinks,Bottled Water,bottle,500,24
Buxton Sparkling Water,Buxton,Soft Drinks,Bottled Water,bottle,500,24
Hardys Shiraz,Hardys,Wines,Bottled Wine,bottle,750,12
Hardys Cabernet Sauvignon,Hardys,Wines,Bottled Wine,bottle,750,12
Hardys Merlot,Hardys,Wines,Bottled Wine,bottle,750,12
Hardys Chardonnay,Hardys,Wines,Bottled Wine,bottle,750,12
Hardys Sauvignon Blanc,Hardys,Wines,Bottled Wine,bottle,750,12
Hardys Pinot Grigio,Hardys,Wines,Bottled Wine,bottle,750,12
Hardys Rosé,Hardys,Wines,Bottled Wine,bottle,750,12
Echo Falls Cabernet Sauvignon,Echo Falls,Wines,Bottled Wine,bottle,750,12
Hardys Pinot Noir,Hardys,Wines,Bottled Wine,bottle,750,12
Echo Falls Merlot,Echo Falls,Wines,Bottled Wine,bottle,750,12
Echo Falls Chardonnay,Echo Falls,Wines,Bottled Wine,bottle,750,12
Echo Falls Sauvignon Blanc,Echo Falls,Wines,Bottled Wine,bottle,750,12
Echo Falls Pinot Grigio,Echo Falls,Wines,Bottled Wine,bottle,750,12
Echo Falls Rosé,Echo Falls,Wines,Bottled Wine,bottle,750,12
Echo Falls White Zinfandel,Echo Falls,Wines,Bottled Wine,bottle,750,12
Echo Falls Summer Berries,Echo Falls,Wines,Bottled Wine,bottle,750,12
Blossom Hill Cabernet Sauvignon,Blossom Hill,Wines,Bottled Wine,bottle,750,12
Blossom Hill Merlot,Blossom Hill,Wines,Bottled Wine,bottle,750,12
Blossom Hill Shiraz,Blossom Hill,Wines,Bottled Wine,bottle,750,12
Blossom Hill Chardonnay,Blossom Hill,Wines,Bottled Wine,bottle,750,12
Blossom Hill Sauvignon Blanc,Blossom Hill,Wines,Bottled Wine,bottle,750,12
Blossom Hill Pinot Grigio,Blossom Hill,Wines,Bottled Wine,bottle,750,12
Blossom Hill Rosé,Blossom Hill,Wines,Bottled Wine,bottle,750,12
Blossom Hill White Zinfandel,Blossom Hill,Wines,Bottled Wine,bottle,750,12
Yellow Tail Shiraz,Yellow Tail,Wines,Bottled Wine,bottle,750,12
Yellow Tail Cabernet Sauvignon,Yellow Tail,Wines,Bottled Wine,bottle,750,12
Yellow Tail Merlot,Yellow Tail,Wines,Bottled Wine,bottle,750,12
Yellow Tail Chardonnay,Yellow Tail,Wines,Bottled Wine,bottle,750,12
Yellow Tail Sauvignon Blanc,Yellow Tail,Wines,Bottled Wine,bottle,750,12
Yellow Tail Pinot Grigio,Yellow Tail,Wines,Bottled Wine,bottle,750,12
Yellow Tail Rosé,Yellow Tail,Wines,Bottled Wine,bottle,750,12
Barefoot Cabernet Sauvignon,Barefoot,Wines,Bottled Wine,bottle,750,12
Barefoot Merlot,Barefoot,Wines,Bottled Wine,bottle,750,12
Barefoot Pinot Noir,Barefoot,Wines,Bottled Wine,bottle,750,12
Barefoot Shiraz,Barefoot,Wines,Bottled Wine,bottle,750,12
Barefoot Chardonnay,Barefoot,Wines,Bottled Wine,bottle,750,12
Barefoot Sauvignon Blanc,Barefoot,Wines,Bottled Wine,bottle,750,12
Barefoot Pinot Grigio,Barefoot,Wines,Bottled Wine,bottle,750,12
Barefoot Rosé,Barefoot,Wines,Bottled Wine,bottle,750,12
Barefoot White Zinfandel,Barefoot,Wines,Bottled Wine,bottle,750,12
Barefoot Pink Moscato,Barefoot,Wines,Bottled Wine,bottle,750,12
Casillero del Diablo Cabernet Sauvignon,Casillero del Diablo,Wines,Bottled Wine,bottle,750,12
Casillero del Diablo Merlot,Casillero del Diablo,Wines,Bottled Wine,bottle,750,12
Casillero del Diablo Carmenere,Casillero del Diablo,Wines,Bottled Wine,bottle,750,12
Casillero del Diablo Chardonnay,Casillero del Diablo,Wines,Bottled Wine,bottle,750,12
Casillero del Diablo Sauvignon Blanc,Casillero del Diablo,Wines,Bottled Wine,bottle,750,12
Casillero del Diablo Rosé,Casillero del Diablo,Wines,Bottled Wine,bottle,750,12
Campo Viejo Rioja Tempranillo,Campo Viejo,Wines,Bottled Wine,bottle,750,12
Campo Viejo Rioja Reserva,Campo Viejo,Wines,Bottled Wine,bottle,750,12
Campo Viejo Rioja Gran Reserva,Campo Viejo,Wines,Bottled Wine,bottle,750,6
Jacobs Creek Shiraz,Jacob's Creek,Wines,Bottled Wine,bottle,750,12
Jacobs Creek Cabernet Sauvignon,Jacob's Creek,Wines,Bottled Wine,bottle,750,12
Jacobs Creek Chardonnay,Jacob's Creek,Wines,Bottled Wine,bottle,750,12
Jacobs Creek Sauvignon Blanc,Jacob's Creek,Wines,Bottled Wine,bottle,750,12
Jacobs Creek Pinot Grigio,Jacob's Creek,Wines,Bottled Wine,bottle,750,12
Jacobs Creek Rosé,Jacob's Creek,Wines,Bottled Wine,bottle,750,12
Gallo Family Vineyards White Zinfandel,Gallo,Wines,Bottled Wine,bottle,750,12
Gallo Family Vineyards Cabernet Sauvignon,Gallo,Wines,Bottled Wine,bottle,750,12
Gallo Family Vineyards Chardonnay,Gallo,Wines,Bottled Wine,bottle,750,12
Malbec Reserva,Trivento,Wines,Bottled Wine,bottle,750,12
Sauvignon Blanc Reserva,Trivento,Wines,Bottled Wine,bottle,750,12
19 Crimes Red Blend,19 Crimes,Wines,Bottled Wine,bottle,750,12
19 Crimes The Uprising Rum Aged,19 Crimes,Wines,Bottled Wine,bottle,750,12
Oyster Bay Sauvignon Blanc,Oyster Bay,Wines,Bottled Wine,bottle,750,12
Oyster Bay Chardonnay,Oyster Bay,Wines,Bottled Wine,bottle,750,12
Oyster Bay Pinot Noir,Oyster Bay,Wines,Bottled Wine,bottle,750,12
Mionetto Prosecco DOC,Mionetto,Wines,Sparkling Wine,bottle,750,12
Freixenet Prosecco DOC,Freixenet,Wines,Sparkling Wine,bottle,750,12
Galeotti Prosecco,Galeotti,Wines,Sparkling Wine,bottle,750,12
La Marca Prosecco,La Marca,Wines,Sparkling Wine,bottle,750,12
Bottega Gold Prosecco,Bottega,Wines,Sparkling Wine,bottle,750,6
Moët & Chandon Brut Imperial,Moët & Chandon,Wines,Sparkling Wine,bottle,750,6
Veuve Clicquot Yellow Label Brut,Veuve Clicquot,Wines,Sparkling Wine,bottle,750,6
Lanson Black Label Brut,Lanson,Wines,Sparkling Wine,bottle,750,6
Bollinger Special Cuvée,Bollinger,Wines,Sparkling Wine,bottle,750,6
Taittinger Brut Reserve,Taittinger,Wines,Sparkling Wine,bottle,750,6
Piper-Heidsieck Brut,Piper-Heidsieck,Wines,Sparkling Wine,bottle,750,6
Perrier-Jouët Grand Brut,Perrier-Jouët,Wines,Sparkling Wine,bottle,750,6
Laurent-Perrier La Cuvée Brut,Laurent-Perrier,Wines,Sparkling Wine,bottle,750,6
Freixenet Cava Cordon Negro Brut,Freixenet,Wines,Sparkling Wine,bottle,750,12
Codorníu Cava Clásico Brut,Codorníu,Wines,Sparkling Wine,bottle,750,12
Graham's Six Grapes Reserve Port,Graham's,Wines,Fortified Wine,bottle,750,6
Graham's Late Bottled Vintage Port,Graham's,Wines,Fortified Wine,bottle,750,6
Graham's 10 Year Old Tawny Port,Graham's,Wines,Fortified Wine,bottle,750,6
Taylor's Late Bottled Vintage Port,Taylor's,Wines,Fortified Wine,bottle,750,6
Taylor's 10 Year Old Tawny Port,Taylor's,Wines,Fortified Wine,bottle,750,6
Cockburn's Fine Ruby Port,Cockburn's,Wines,Fortified Wine,bottle,750,6
Cockburn's Special Reserve Port,Cockburn's,Wines,Fortified Wine,bottle,750,6
Sandeman Ruby Port,Sandeman,Wines,Fortified Wine,bottle,750,6
Sandeman Tawny Port,Sandeman,Wines,Fortified Wine,bottle,750,6
Warre's Warrior Reserve Port,Warre's,Wines,Fortified Wine,bottle,750,6
Fonseca Bin 27 Port,Fonseca,Wines,Fortified Wine,bottle,750,6
Dow's Fine Ruby Port,Dow's,Wines,Fortified Wine,bottle,750,6
Harveys Bristol Cream Sherry,Harveys,Wines,Fortified Wine,bottle,750,12
Tio Pepe Fino Sherry,Gonzalez Byass,Wines,Fortified Wine,bottle,750,12
Croft Original Pale Cream Sherry,Croft,Wines,Fortified Wine,bottle,750,12
Lustau East India Solera Sherry,Lustau,Wines,Fortified Wine,bottle,750,6
Harveys Bristol Cream Sherry,Harveys,Wines,Fortified Wine,bottle,375,12
Tio Pepe Fino Sherry,Gonzalez Byass,Wines,Fortified Wine,bottle,375,12
Croft Original Pale Cream Sherry,Croft,Wines,Fortified Wine,bottle,375,12
Stowells Cabernet Sauvignon,Stowells,Wines,Bag-in-Box Wine,bag-in-box,2250,4
Stowells Merlot,Stowells,Wines,Bag-in-Box Wine,bag-in-box,2250,4
Stowells Shiraz,Stowells,Wines,Bag-in-Box Wine,bag-in-box,2250,4
Stowells Chardonnay,Stowells,Wines,Bag-in-Box Wine,bag-in-box,2250,4
Stowells Sauvignon Blanc,Stowells,Wines,Bag-in-Box Wine,bag-in-box,2250,4
Stowells Pinot Grigio,Stowells,Wines,Bag-in-Box Wine,bag-in-box,2250,4
Stowells Rosé,Stowells,Wines,Bag-in-Box Wine,bag-in-box,2250,4
BIB Wine Company Red,BIB Wine Company,Wines,Bag-in-Box Wine,bag-in-box,2250,4
BIB Wine Company White,BIB Wine Company,Wines,Bag-in-Box Wine,bag-in-box,2250,4
BIB Wine Company Rosé,BIB Wine Company,Wines,Bag-in-Box Wine,bag-in-box,2250,4
Wine Route Fruity Red,Wine Route,Wines,Bag-in-Box Wine,bag-in-box,3000,4
Wine Route Zesty White,Wine Route,Wines,Bag-in-Box Wine,bag-in-box,3000,4
Isla Negra Cabernet Sauvignon,Isla Negra,Wines,Bag-in-Box Wine,bag-in-box,2250,4
Shallow Bay Sauvignon Blanc,Shallow Bay,Wines,Bag-in-Box Wine,bag-in-box,2250,4
Torri Cantine Montepulciano,Torri Cantine,Wines,Bag-in-Box Wine,bag-in-box,3000,4
Torri Cantine Trebbiano,Torri Cantine,Wines,Bag-in-Box Wine,bag-in-box,3000,4
McGuigan Zero Shiraz,McGuigan,Wines,Low & No Alcohol Wine,bottle,750,6
McGuigan Zero Chardonnay,McGuigan,Wines,Low & No Alcohol Wine,bottle,750,6
McGuigan Zero Sauvignon Blanc,McGuigan,Wines,Low & No Alcohol Wine,bottle,750,6
McGuigan Zero Rosé,McGuigan,Wines,Low & No Alcohol Wine,bottle,750,6
Eisberg Cabernet Sauvignon,Eisberg,Wines,Low & No Alcohol Wine,bottle,750,6
Eisberg Chardonnay,Eisberg,Wines,Low & No Alcohol Wine,bottle,750,6
Eisberg Sauvignon Blanc,Eisberg,Wines,Low & No Alcohol Wine,bottle,750,6
Eisberg Rosé,Eisberg,Wines,Low & No Alcohol Wine,bottle,750,6
