Beer|Cider|Bulmers Original Cider 330ml Can|Bulmers|330|24
Beer|Cider|Bulmers Original Cider 500ml Bottle|Bulmers|500|12
Beer|Cider|Kopparberg Mixed Berries 330ml Bottle|Kopparberg|330|24
Beer|Cider|Kopparberg Mixed Berries 500ml Bottle|Kopparberg|500|12
Beer|Cider|Magners Original Cider 330ml Can|Magners|330|24
Beer|Cider|Magners Original Cider 500ml Bottle|Magners|500|12
Beer|Cider|Strongbow Dark Fruits 330ml Can|Strongbow|330|24
Beer|Cider|Strongbow Dark Fruits 500ml Bottle|Strongbow|500|12
Beer|IPA|BrewDog Punk IPA 330ml Can|BrewDog|330|24
Beer|IPA|BrewDog Punk IPA 500ml Bottle|BrewDog|500|12
Beer|IPA|Brooklyn Brewery IPA 330ml Can|Brooklyn Brewery|330|24
Beer|IPA|Brooklyn Brewery IPA 500ml Bottle|Brooklyn Brewery|500|12
Beer|IPA|Fullers London Pride 330ml Bottle|Fullers|330|24
Beer|IPA|Fullers London Pride 500ml Bottle|Fullers|500|12
Beer|IPA|Timothy Taylor Landlord 330ml Bottle|Timothy Taylor|330|24
Beer|IPA|Timothy Taylor Landlord 500ml Bottle|Timothy Taylor|500|12
Beer|Lager|Budweiser 330ml Can|Budweiser|330|24
Beer|Lager|Budweiser 500ml Bottle|Budweiser|500|12
Beer|Lager|Carlsberg 330ml Can|Carlsberg|330|24
Beer|Lager|Carlsberg 500ml Bottle|Carlsberg|500|12
Beer|Lager|Corona Extra 330ml Bottle|Corona|330|24
Beer|Lager|Corona Extra 500ml Bottle|Corona|500|12
Beer|Lager|Heineken 330ml Can|Heineken|330|24
Beer|Lager|Heineken 500ml Bottle|Heineken|500|12
Beer|Lager|Heineken Draught 20 Litre Keg|Heineken|20000|1
Beer|Lager|San Miguel 330ml Can|San Miguel|330|24
Beer|Lager|San Miguel 500ml Bottle|San Miguel|500|12
Beer|Lager|Stella Artois 330ml Can|Stella Artois|330|24
Beer|Lager|Stella Artois 500ml Bottle|Stella Artois|500|12
Beer|Lager|Stella Artois Draught 20 Litre Keg|Stella Artois|20000|1
Beer|Pale Ale|Fosters Lager 330ml Can|Fosters|330|24
Beer|Pale Ale|Fosters Lager 500ml Bottle|Fosters|500|12
Beer|Pale Ale|Kronenbourg 1664 330ml Can|Kronenbourg|330|24
Beer|Pale Ale|Kronenbourg 1664 500ml Bottle|Kronenbourg|500|12
Beer|Stout|Guinness Draught 20 Litre Keg|Guinness|20000|1
Beer|Stout|Guinness Draught 330ml Can|Guinness|330|24
Beer|Stout|Guinness Draught 500ml Bottle|Guinness|500|12
Beer|Stout|Murphys Irish Stout 330ml Can|Murphys|330|24
Beer|Stout|Murphys Irish Stout 500ml Bottle|Murphys|500|12
Beers & Ales|Cask Ale|Bass Pale Ale|Bass|500|8
Beers & Ales|Cask Ale|London Pride|Fuller's|72000|1
Beers & Ales|Cask Ale|Greene King Abbot Ale|Greene King|72000|1
Beers & Ales|Cask Ale|Greene King IPA|Greene King|72000|1
Beers & Ales|Cask Ale|Guinness Draught|Guinness|440|24
Beers & Ales|Cask Ale|Guinness Draught|Guinness|50000|1
Beers & Ales|Cask Ale|John Smith's Extra Smooth|John Smith's|440|24
Beers & Ales|Cask Ale|John Smith's Extra Smooth|John Smith's|50000|1
Beers & Ales|Cask Ale|Pedigree|Marston's|72000|1
Beers & Ales|Cask Ale|Old Speckled Hen|Morland|500|8
Beers & Ales|Cask Ale|Newcastle Brown Ale|Newcastle|550|8
Beers & Ales|Cask Ale|Doom Bar|Sharp's|500|8
Beers & Ales|Cask Ale|Doom Bar|Sharp's|72000|1
Beers & Ales|Cask Ale|Timothy Taylor Landlord|Timothy Taylor|72000|1
Beers & Ales|Craft Beer|Beavertown Gamma Ray|Beavertown|330|24
Beers & Ales|Craft Beer|Beavertown Neck Oil|Beavertown|330|24
Beers & Ales|Craft Beer|BrewDog Dead Pony Club|BrewDog|330|24
Beers & Ales|Craft Beer|BrewDog Elvis Juice|BrewDog|330|24
Beers & Ales|Craft Beer|BrewDog Punk IPA|BrewDog|330|24
Beers & Ales|Craft Beer|Camden Hells Lager|Camden Town|330|24
Beers & Ales|Craft Beer|Camden Pale Ale|Camden Town|330|24
Beers & Ales|Craft Beer|Cloudwater DIPA|Cloudwater|440|12
Beers & Ales|Craft Beer|Meantime London Lager|Meantime|330|24
Beers & Ales|Craft Beer|Meantime London Pale Ale|Meantime|330|24
Beers & Ales|Craft Beer|Northern Monk Faith|Northern Monk|440|12
Beers & Ales|Craft Beer|Thornbridge Jaipur IPA|Thornbridge|330|12
Beers & Ales|Craft Beer|Tiny Rebel Cwtch|Tiny Rebel|330|24
Beers & Ales|Craft Beer|Vocation Bread & Butter|Vocation|440|12
Beers & Ales|Lager|Amstel|Amstel|440|24
Beers & Ales|Lager|Asahi Super Dry|Asahi|330|24
Beers & Ales|Lager|Asahi Super Dry|Asahi|50000|1
Beers & Ales|Lager|Becks|Beck's|275|24
Beers & Ales|Lager|Budweiser|Budweiser|330|24
Beers & Ales|Lager|Budweiser|Budweiser|440|24
Beers & Ales|Lager|Budweiser|Budweiser|50000|1
Beers & Ales|Lager|Carling Lager|Carling|440|24
Beers & Ales|Lager|Carling Lager|Carling|50000|1
Beers & Ales|Lager|Carlsberg|Carlsberg|330|24
Beers & Ales|Lager|Carlsberg|Carlsberg|440|24
Beers & Ales|Lager|Carlsberg|Carlsberg|50000|1
Beers & Ales|Lager|Cobra|Cobra|330|12
Beers & Ales|Lager|Corona Extra|Corona|330|24
Beers & Ales|Lager|Estrella Damm|Estrella|330|24
Beers & Ales|Lager|Estrella Damm|Estrella|50000|1
Beers & Ales|Lager|Foster's Lager|Foster's|440|24
Beers & Ales|Lager|Foster's Lager|Foster's|50000|1
Beers & Ales|Lager|Grolsch|Grolsch|450|15
Beers & Ales|Lager|Heineken|Heineken|330|24
Beers & Ales|Lager|Heineken|Heineken|440|24
Beers & Ales|Lager|Heineken|Heineken|50000|1
Beers & Ales|Lager|Kronenbourg 1664|Kronenbourg|330|24
Beers & Ales|Lager|Kronenbourg 1664|Kronenbourg|440|24
Beers & Ales|Lager|Kronenbourg 1664|Kronenbourg|50000|1
Beers & Ales|Lager|Modelo Especial|Modelo|330|24
Beers & Ales|Lager|Moretti|Moretti|330|24
Beers & Ales|Lager|Pacifico|Pacifico|355|24
Beers & Ales|Lager|Peroni Nastro Azzurro|Peroni|330|24
Beers & Ales|Lager|Peroni Nastro Azzurro|Peroni|50000|1
Beers & Ales|Lager|San Miguel|San Miguel|330|24
Beers & Ales|Lager|San Miguel|San Miguel|50000|1
Beers & Ales|Lager|Stella Artois|Stella Artois|330|24
Beers & Ales|Lager|Stella Artois|Stella Artois|440|24
Beers & Ales|Lager|Stella Artois|Stella Artois|50000|1
Beers & Ales|Lager|Tiger|Tiger|330|24
Beers & Ales|Low & No Alcohol Beer|Beck's Blue|Beck's|275|24
Beers & Ales|Low & No Alcohol Beer|BrewDog Nanny State|BrewDog|330|24
Beers & Ales|Low & No Alcohol Beer|Budweiser Zero|Budweiser|330|24
Beers & Ales|Low & No Alcohol Beer|Corona Cero|Corona|330|24
Beers & Ales|Low & No Alcohol Beer|Erdinger Alkoholfrei|Erdinger|500|20
Beers & Ales|Low & No Alcohol Beer|Guinness 0.0|Guinness|440|24
Beers & Ales|Low & No Alcohol Beer|Heineken 0.0|Heineken|330|24
Beers & Ales|Low & No Alcohol Beer|Peroni Libera 0.0%|Peroni|330|24
Beers & Ales|Low & No Alcohol Beer|Stella Artois 0.0%|Stella Artois|330|24
Beers & Ales|RTDs (Ready-to-Drink)|Bacardi & Cola|Bacardi|250|24
Beers & Ales|RTDs (Ready-to-Drink)|Captain Morgan & Cola|Captain Morgan|250|24
Beers & Ales|RTDs (Ready-to-Drink)|Gordon's Premix Gin & Tonic|Gordon's|250|24
Beers & Ales|RTDs (Ready-to-Drink)|Jack Daniel's & Cola|Jack Daniel's|330|24
Beers & Ales|RTDs (Ready-to-Drink)|Smirnoff Ice|Smirnoff|700|12
Beers & Ales|RTDs (Ready-to-Drink)|WKD Blue|WKD|700|12
Beers & Ales|RTDs (Ready-to-Drink)|WKD Iron Brew|WKD|700|12
Brandy|Armagnac|Armagnac VSOP 70cl|Armagnac|700|6
Brandy|Armagnac|Armagnac XO 70cl|Armagnac|700|6
Brandy|Calvados|Calvados VSOP 70cl|Calvados|700|6
Brandy|Cognac Premium|Hennessy Paradis 70cl|Hennessy|700|6
Brandy|Cognac Premium|Remy Martin Louis XIII 50ml|Remy Martin|50|24
Brandy|Cognac VS|Hennessy V.S 70cl|Hennessy|700|6
Brandy|Cognac VSOP|Bisquit VSOP 70cl|Bisquit|700|6
Brandy|Cognac VSOP|Camus VSOP 70cl|Camus|700|6
Brandy|Cognac VSOP|Courvoisier VSOP 70cl|Courvoisier|700|6
Brandy|Cognac VSOP|Hennessy VSOP 50ml|Hennessy|50|24
Brandy|Cognac VSOP|Hennessy VSOP 70cl|Hennessy|700|6
Brandy|Cognac VSOP|Martell VSOP 70cl|Martell|700|6
Brandy|Cognac VSOP|Remy Martin VSOP 50ml|Remy Martin|50|24
Brandy|Cognac VSOP|Remy Martin VSOP 70cl|Remy Martin|700|6
Brandy|Cognac XO|Courvoisier XO 70cl|Courvoisier|700|6
Brandy|Cognac XO|Hennessy XO 50ml|Hennessy|50|24
Brandy|Cognac XO|Hennessy XO 70cl|Hennessy|700|6
Brandy|Cognac XO|Martell XO 70cl|Martell|700|6
Brandy|Cognac XO|Remy Martin XO 70cl|Remy Martin|700|6
Brandy|Greek Brandy|Metaxa 12 Star 70cl|Metaxa|700|6
Brandy|Greek Brandy|Metaxa 7 Star 70cl|Metaxa|700|6
Brandy|Greek Brandy|Metaxa Private Reserve 70cl|Metaxa|700|6
Cider & Perry|Bottled Cider|Aspall Suffolk Cyder|Aspall|500|12
Cider & Perry|Bottled Cider|Bulmers Crushed Red Berries|Bulmers|568|12
Cider & Perry|Bottled Cider|Bulmers Original|Bulmers|568|12
Cider & Perry|Bottled Cider|Bulmers Pear|Bulmers|568|12
Cider & Perry|Bottled Cider|Henry Westons Vintage Cider|Henry Weston's|500|8
Cider & Perry|Bottled Cider|Kopparberg Elderflower & Lime|Kopparberg|500|15
Cider & Perry|Bottled Cider|Kopparberg Mixed Fruit|Kopparberg|500|15
Cider & Perry|Bottled Cider|Kopparberg Pear|Kopparberg|500|15
Cider & Perry|Bottled Cider|Kopparberg Strawberry & Lime|Kopparberg|500|15
Cider & Perry|Bottled Cider|Magners Berry|Magners|568|12
Cider & Perry|Bottled Cider|Magners Original|Magners|568|12
Cider & Perry|Bottled Cider|Magners Pear|Magners|568|12
Cider & Perry|Bottled Cider|Old Mout Berries & Cherries|Old Mout|500|12
Cider & Perry|Bottled Cider|Old Mout Kiwi & Lime|Old Mout|500|12
Cider & Perry|Bottled Cider|Old Mout Pineapple & Raspberry|Old Mout|500|12
Cider & Perry|Bottled Cider|Rekorderlig Passionfruit|Rekorderlig|500|15
Cider & Perry|Bottled Cider|Rekorderlig Strawberry & Lime|Rekorderlig|500|15
Cider & Perry|Bottled Cider|Rekorderlig Wild Berry|Rekorderlig|500|15
Cider & Perry|Bottled Cider|Somersby Apple Cider|Somersby|330|24
Cider & Perry|Bottled Cider|Strongbow Dark Fruit|Strongbow|440|24
Cider & Perry|Bottled Cider|Strongbow Original Cider|Strongbow|440|24
Cider & Perry|Bottled Cider|Thatchers Gold|Thatchers|500|12
Cider & Perry|Bottled Cider|Thatchers Haze|Thatchers|500|12
Cider & Perry|Cider (Draught)|Bulmers Original|Bulmers|50000|1
Cider & Perry|Cider (Draught)|Magners Original|Magners|50000|1
Cider & Perry|Cider (Draught)|Strongbow Original Cider|Strongbow|50000|1
Cider & Perry|Cider (Draught)|Thatchers Gold|Thatchers|50000|1
Gin|Botanical|Foxdenton Estate Gin 70cl|Foxdenton|700|6
Gin|Botanical|Masons Yorkshire Gin 70cl|Masons|700|6
Gin|Botanical|Sipsmith London Dry Gin 1L|Sipsmith|1000|6
Gin|Botanical|Sipsmith London Dry Gin 70cl|Sipsmith|700|6
Gin|Botanical|Tarquin's Gin 1L|Tarquin's|1000|6
Gin|Botanical|Tarquin's Gin 70cl|Tarquin's|700|6
Gin|Botanical|Warner Edwards Harrington Dry Gin 70cl|Warner Edwards|700|6
Gin|Flavored Gin|Bombay Sapphire Distilled East 70cl|Bombay Sapphire|700|6
Gin|Flavored Gin|Bombay Sapphire Distilled Lime 70cl|Bombay Sapphire|700|6
Gin|Flavored Gin|Etchings Gin Lemon & Ginger 70cl|Etchings|700|6
Gin|Flavored Gin|Tanqueray No. Ten Gin 1L|Tanqueray|1000|6
Gin|Flavored Gin|Tanqueray No. Ten Gin 70cl|Tanqueray|700|6
Gin|Flavored Gin|Tanqueray Rangpur Gin 50ml|Tanqueray|50|24
Gin|Flavored Gin|Tanqueray Rangpur Gin 70cl|Tanqueray|700|6
Gin|Flavored Gin|Whitley Neill Gooseberry Gin 70cl|Whitley Neill|700|6
Gin|Flavored Gin|Whitley Neill Parma Violet Gin 70cl|Whitley Neill|700|6
Gin|Flavored Gin|Whitley Neill Raspberry Gin 70cl|Whitley Neill|700|6
Gin|London Dry|Beefeater Gin 1L|Beefeater|1000|6
Gin|London Dry|Beefeater Gin 25ml|Beefeater|25|48
Gin|London Dry|Beefeater Gin 50ml|Beefeater|50|24
Gin|London Dry|Beefeater Gin 70cl|Beefeater|700|6
Gin|London Dry|Bombay Original Dry Gin 70cl|Bombay|700|6
Gin|London Dry|Bombay Sapphire Gin 1L|Bombay Sapphire|1000|6
Gin|London Dry|Bombay Sapphire Gin 25ml|Bombay Sapphire|25|48
Gin|London Dry|Bombay Sapphire Gin 50ml|Bombay Sapphire|50|24
Gin|London Dry|Bombay Sapphire Gin 70cl|Bombay Sapphire|700|6
Gin|London Dry|Gordon's London Dry Gin 1L|Gordon's|1000|6
Gin|London Dry|Gordon's London Dry Gin 25ml|Gordon's|25|48
Gin|London Dry|Gordon's London Dry Gin 50ml|Gordon's|50|24
Gin|London Dry|Gordon's London Dry Gin 70cl|Gordon's|700|6
Gin|London Dry|Tanqueray Gin 1L|Tanqueray|1000|6
Gin|London Dry|Tanqueray Gin 25ml|Tanqueray|25|48
Gin|London Dry|Tanqueray Gin 50ml|Tanqueray|50|24
Gin|London Dry|Tanqueray Gin 70cl|Tanqueray|700|6
Gin|London Dry|Tanqueray London Dry Export Strength 70cl|Tanqueray|700|6
Gin|Premium Craft|Hendrick's Gin 1L|Hendrick's|1000|6
Gin|Premium Craft|Hendrick's Gin 70cl|Hendrick's|700|6
Gin|Premium Craft|Monkey 47 Gin 500ml|Monkey 47|500|6
Gin|Premium Craft|Monkey 47 Gin 50ml|Monkey 47|50|24
Gin|Premium Craft|Monkey 47 Gin 70cl|Monkey 47|700|6
Gin|Premium Craft|Opihr Arabian Edition Gin 70cl|Opihr|700|6
Gin|Premium Craft|Roku Gin 1L|Roku|1000|6
Gin|Premium Craft|Roku Gin 70cl|Roku|700|6
Liqueur|Coffee|Kahlua Coffee Liqueur 25ml|Kahlua|25|48
Liqueur|Coffee|Kahlua Coffee Liqueur 50ml|Kahlua|50|24
Liqueur|Coffee|Kahlua Coffee Liqueur 70cl|Kahlua|700|6
Liqueur|Coffee|Tia Maria Coffee Liqueur 70cl|Tia Maria|700|6
Liqueur|Cream|Baileys Irish Cream 1L|Baileys|1000|6
Liqueur|Cream|Baileys Irish Cream 25ml|Baileys|25|48
Liqueur|Cream|Baileys Irish Cream 50ml|Baileys|50|24
Liqueur|Cream|Baileys Irish Cream 70cl|Baileys|700|6
Liqueur|Cream|Amaretto Disaronno 1L|Disaronno|1000|6
Liqueur|Cream|Amaretto Disaronno 25ml|Disaronno|25|48
Liqueur|Cream|Amaretto Disaronno 50ml|Disaronno|50|24
Liqueur|Cream|Amaretto Disaronno 70cl|Disaronno|700|6
Liqueur|Cream|Frangelico Hazelnut Liqueur 50ml|Frangelico|50|24
Liqueur|Cream|Frangelico Hazelnut Liqueur 70cl|Frangelico|700|6
Liqueur|Fruit|Chambord Raspberry Liqueur 50ml|Chambord|50|24
Liqueur|Fruit|Chambord Raspberry Liqueur 70cl|Chambord|700|6
Liqueur|Fruit|Cointreau Orange Liqueur 50ml|Cointreau|50|24
Liqueur|Fruit|Cointreau Orange Liqueur 70cl|Cointreau|700|6
Liqueur|Fruit|Grand Marnier Orange Liqueur 50ml|Grand Marnier|50|24
Liqueur|Fruit|Grand Marnier Orange Liqueur 70cl|Grand Marnier|700|6
Liqueur|Fruit|Midori Melon Liqueur 50ml|Midori|50|24
Liqueur|Fruit|Midori Melon Liqueur 70cl|Midori|700|6
Liqueur|Fruit|Peach Schnapps 50ml|Schnapps|50|24
Liqueur|Fruit|Peach Schnapps 70cl|Schnapps|700|6
Liqueur|Fruit|Sloe Gin 70cl|Sloe Gin|700|6
Liqueur|Herbal|Benedictine D.O.M 70cl|Benedictine|700|6
Liqueur|Herbal|Chartreuse Green 70cl|Chartreuse|700|6
Liqueur|Herbal|Chartreuse Yellow 70cl|Chartreuse|700|6
Liqueur|Herbal|Drambuie Scotch Liqueur 50ml|Drambuie|50|24
Liqueur|Herbal|Drambuie Scotch Liqueur 70cl|Drambuie|700|6
Liqueur|Herbal|Jagermeister 25ml|Jagermeister|25|48
Liqueur|Herbal|Jagermeister 50ml|Jagermeister|50|24
Liqueur|Herbal|Jagermeister 70cl|Jagermeister|700|6
Liqueur|Herbal|Underberg Herbal Liqueur 50ml|Underberg|50|24
Liqueur|Nut|Amaretto Di Saronno 70cl|Amaretto|700|6
Liqueur|Nut|Peanut Liqueur 70cl|Peanut Liqueur|700|6
Mezcal|Cream|Sipping Mezcal Crema de Mezcal 70cl|Crema de Mezcal|700|6
Mezcal|Traditional|Del Maguey Chichicapa 70cl|Del Maguey|700|6
Mezcal|Traditional|Enemigo Mezcal 70cl|Enemigo|700|6
Mezcal|Traditional|Vago Mezcal Ensamble 70cl|Vago|700|6
Mezcal|Traditional|Vida Mezcal Artesanal 70cl|Vida|700|6
Rum|Dark Spiced|Appleton Estate Signature Blend 1L|Appleton Estate|1000|6
Rum|Dark Spiced|Appleton Estate Signature Blend 70cl|Appleton Estate|700|6
Rum|Dark Spiced|Bacardi Spiced Rum 70cl|Bacardi|700|6
Rum|Dark Spiced|Captain Morgan Spiced Rum 1L|Captain Morgan|1000|6
Rum|Dark Spiced|Captain Morgan Spiced Rum 25ml|Captain Morgan|25|48
Rum|Dark Spiced|Captain Morgan Spiced Rum 50ml|Captain Morgan|50|24
Rum|Dark Spiced|Captain Morgan Spiced Rum 70cl|Captain Morgan|700|6
Rum|Dark Spiced|Mount Gay Eclipse Rum 70cl|Mount Gay|700|6
Rum|Dark Spiced|Myers Dark Rum 1L|Myers|1000|6
Rum|Dark Spiced|Myers Dark Rum 70cl|Myers|700|6
Rum|Gold|Bacardi Gold Rum 1L|Bacardi|1000|6
Rum|Gold|Bacardi Gold Rum 70cl|Bacardi|700|6
Rum|Gold|Captain Morgan Private Stock 70cl|Captain Morgan|700|6
Rum|Gold|Havana Club Gold 70cl|Havana Club|700|6
Rum|Premium Aged|Appleton Estate 12 Year Old 70cl|Appleton Estate|700|6
Rum|Premium Aged|Appleton Estate 21 Year Old 70cl|Appleton Estate|700|6
Rum|Premium Aged|Diplomatico Reserva Exclusiva 70cl|Diplomatico|700|6
Rum|Premium Aged|El Dorado 12 Year Old 70cl|El Dorado|700|6
Rum|Premium Aged|El Dorado 15 Year Old 70cl|El Dorado|700|6
Rum|Premium Aged|El Dorado 21 Year Old 70cl|El Dorado|700|6
Rum|Premium Aged|Havana Club 7 Year Old 70cl|Havana Club|700|6
Rum|Premium Aged|Mount Gay 1703 Master Select 70cl|Mount Gay|700|6
Rum|Premium Aged|Ron Zacapa 23 Year Old 70cl|Ron Zacapa|700|6
Rum|Rhum Agricole|Neisson Reserve Blanc 70cl|Neisson|700|6
Rum|Rhum Agricole|Rhum Clement VSOP 70cl|Rhum Clement|700|6
Rum|Rhum Agricole|Rhum J.M Blanc 70cl|Rhum J.M|700|6
Rum|White|Bacardi White Rum 1L|Bacardi|1000|6
Rum|White|Bacardi White Rum 25ml|Bacardi|25|48
Rum|White|Bacardi White Rum 50ml|Bacardi|50|24
Rum|White|Bacardi White Rum 70cl|Bacardi|700|6
Rum|White|Captain Morgan White Rum 1L|Captain Morgan|1000|6
Rum|White|Captain Morgan White Rum 70cl|Captain Morgan|700|6
Rum|White|Havana Club 3 Year Old 1L|Havana Club|1000|6
Rum|White|Havana Club 3 Year Old 70cl|Havana Club|700|6
Rum|White|Tanduay Silver Rum 70cl|Tanduay|700|6
Snack|Charcuterie|Cured Meat Board 300g Pack|Cured Meats|300|6
Snack|Charcuterie|Pepperoni Slices 100g Pack|Pepperoni|100|12
Snack|Charcuterie|Sliced Prosciutto 100g Pack|Prosciutto|100|12
Snack|Charcuterie|Sliced Prosciutto 200g Pack|Prosciutto|200|6
Snack|Charcuterie|Salami Selection 150g Pack|Salami Mix|150|12
Snack|Charcuterie|Salami Selection 250g Pack|Salami Mix|250|6
Snack|Cheese|Brie Cheese 200g Pack|Brie Cheese|200|6
Snack|Cheese|Cheddar Cheese Block 200g Pack|Cheddar Cheese|200|6
Snack|Cheese|Cheddar Cheese Block 500g Pack|Cheddar Cheese|500|6
Snack|Cheese|Cheese Board Selection 400g Pack|Mixed Cheese|400|6
Snack|Crisps|Lay's Cheese & Onion 35g Pack|Lay's|35|36
Snack|Crisps|Lay's Classic Salted 35g Pack|Lay's|35|36
Snack|Crisps|Lay's Classic Salted 60g Pack|Lay's|60|20
Snack|Crisps|Lay's Prawn Cocktail 35g Pack|Lay's|35|36
Snack|Crisps|Pringles Original 45g Tube|Pringles|45|20
Snack|Crisps|Pringles Paprika 45g Tube|Pringles|45|20
Snack|Crisps|Pringles Sour Cream Onion 45g Tube|Pringles|45|20
Snack|Crisps|Walkers Cheese & Onion 35g Pack|Walkers|35|36
Snack|Crisps|Walkers Prawn Cocktail 35g Pack|Walkers|35|36
Snack|Crisps|Walkers Salt & Vinegar 35g Pack|Walkers|35|36
Snack|Dried Fruit|Mixed Dried Fruit 100g Pack|Dried Fruit|100|12
Snack|Dried Fruit|Mixed Dried Fruit 200g Pack|Dried Fruit|200|6
Snack|Dried Fruit|Raisins 100g Pack|Raisins|100|12
Snack|Gourmet|Bar Snack Platter 500g Pack|Gourmet Mix|500|6
Snack|Gourmet|Roasted Chickpeas 100g Pack|Roasted Chickpeas|100|12
Snack|Gourmet|Roasted Chickpeas 50g Pack|Roasted Chickpeas|50|24
Snack|Gourmet|Spicy Nuts Mix 100g Pack|Spicy Nuts|100|12
Snack|Gourmet|Wasabi Peas 50g Pack|Wasabi Peas|50|24
Snack|Nuts|Roasted Almonds 100g Pack|Blue Diamond|100|12
Snack|Nuts|Roasted Almonds 40g Pack|Blue Diamond|40|30
Snack|Nuts|Salted Peanuts 100g Pack|KP Nuts|100|12
Snack|Nuts|Salted Peanuts 40g Pack|KP Nuts|40|30
Snack|Nuts|Salted Peanuts 500g Bag|KP Nuts|500|6
Snack|Nuts|Mixed Nuts 100g Pack|Mixed Nuts Brand|100|12
Snack|Nuts|Mixed Nuts 40g Pack|Mixed Nuts Brand|40|30
Snack|Nuts|Roasted Cashews 150g Pack|Planters|150|12
Snack|Nuts|Roasted Cashews 50g Pack|Planters|50|24
Snack|Nuts|Honey Roasted Peanuts 40g Pack|Roasted Nuts Co|40|30
Snack|Olives|Cornichons Small Pickles 180g Jar|Cornichons|180|12
Snack|Olives|Kalamata Olives 200g Jar|Kalamata|200|12
Snack|Olives|Marinated Vegetables Mix 300g Jar|Marinated Veg|300|12
Snack|Olives|Marinated Mixed Olives 200g Jar|Olive Brand|200|12
Snack|Olives|Marinated Mixed Olives 500g Jar|Olive Brand|500|6
Snack|Seeds|Pumpkin Seeds 50g Pack|Pumpkin|50|24
Snack|Seeds|Sunflower Seeds 50g Pack|Sunflower|50|24
Snacks|Biscuits|Digestive Biscuits|McVitie's|300|8
Snacks|Biscuits|Hobnobs|McVitie's|300|8
Snacks|Biscuits|Jaffa Cakes|McVitie's|300|8
Snacks|Biscuits|Rich Tea Biscuits|McVitie's|300|8
Snacks|Biscuits|Bourbon Biscuits|Various|300|8
Snacks|Biscuits|Custard Creams|Various|300|8
Snacks|Chocolate|Cadbury Wispa|Cadbury|38|20
Snacks|Chocolate|Dairy Milk|Cadbury|49|20
Snacks|Chocolate|Galaxy Chocolate|Mars|43|20
Snacks|Chocolate|Maltesers Treat Bag|Mars|100|12
Snacks|Chocolate|Mars Bar|Mars|51|20
Snacks|Chocolate|Snickers|Mars|46|20
Snacks|Chocolate|Twix|Mars|50|20
Snacks|Chocolate|Nestle KitKat|Nestlé|41|20
Snacks|Chocolate Assorted|M&Ms Peanut|Mars|45|20
Snacks|Chocolate Assorted|Revels Treat Bag|Mars|100|12
Snacks|Crisps|Pringles Original|Kellogg's|170|12
Snacks|Crisps|Pringles Paprika|Kellogg's|170|12
Snacks|Crisps|Pringles Salt & Vinegar|Kellogg's|170|12
Snacks|Crisps|Kettle Chips Original|Kettle|40|15
Snacks|Crisps|Hula Hoops|Lay's|28|20
Snacks|Crisps|Lay's Classic|Lay's|30|24
Snacks|Crisps|Lay's Kettle Cooked|Lay's|40|15
Snacks|Crisps|Lay's Salt & Vinegar|Lay's|30|24
Snacks|Crisps|Quavers|Lay's|28|20
Snacks|Crisps|McCoys Flame Grilled Steak|McCoys|45|18
Snacks|Crisps|Cheetos Crunchy|PepsiCo|30|20
Snacks|Crisps|Doritos Cool Original|PepsiCo|30|20
Snacks|Crisps|Doritos Nacho Cheese|PepsiCo|30|20
Snacks|Crisps|Smiths Bacon Fries|Smiths|30|20
Snacks|Crisps|Cheddars|Walkers|30|20
Snacks|Crisps|Mini Cheddars|Walkers|50|20
Snacks|Crisps|Monster Munch|Walkers|30|20
Snacks|Crisps|Nik Naks Nice & Spicy|Walkers|25|24
Snacks|Crisps|Skips Prawn Cocktail|Walkers|20|24
Snacks|Crisps|Walkers Cheese & Onion|Walkers|30|24
Snacks|Crisps|Walkers Prawn Cocktail|Walkers|30|24
Snacks|Crisps|Walkers Ready Salted|Walkers|30|24
Snacks|Crisps|Walkers Salt & Vinegar|Walkers|30|24
Snacks|Crisps|Wotsits|Walkers|28|20
Snacks|Mints|Mentos Spearmint|Mentos|37|20
Snacks|Mints|Polo Mints|Nestlé|34|24
Snacks|Mints|Polo Original|Nestlé|34|24
Snacks|Mints|Trebor Softmints|Trebor|35|24
Snacks|Nuts|Mixed Nuts|Planters|50|20
Snacks|Nuts|Ready Salted Peanuts|Planters|50|24
Snacks|Nuts|Roasted Cashews|Planters|50|20
Snacks|Popcorn|Butterkist Popcorn|Butterkist|85|12
Snacks|Popcorn|Pop Corn|Various|30|20
Snacks|Savoury|Pork Scratchings|Various|50|20
Snacks|Savoury Mix|Bombay Mix|Various|50|16
Snacks|Savoury Mix|Chex Mix|Various|45|20
Snacks|Sweets|Haribo Gold Bears|Haribo|100|12
Snacks|Sweets|Haribo Starmix|Haribo|100|12
Snacks||KP Original Salted Peanuts|KP|50|21
Snacks||Twiglets Original Card||45|12
Soft Drink|Cola|Coca-Cola Regular 1L Bottle|Coca-Cola|1000|6
Soft Drink|Cola|Coca-Cola Regular 330ml Can|Coca-Cola|330|24
Soft Drink|Cola|Coca-Cola Regular 500ml Bottle|Coca-Cola|500|12
Soft Drink|Cola|Diet Coke 330ml Can|Diet Coke|330|24
Soft Drink|Cola|Diet Coke 500ml Bottle|Diet Coke|500|12
Soft Drink|Cola|Pepsi Cola 330ml Can|Pepsi|330|24
Soft Drink|Cola|Pepsi Cola 500ml Bottle|Pepsi|500|12
Soft Drink|Energy Drink|Lucozade Energy Orange 330ml Bottle|Lucozade|330|24
Soft Drink|Energy Drink|Monster Energy Drink 500ml Can|Monster|500|12
Soft Drink|Energy Drink|Red Bull Energy Drink 250ml Can|Red Bull|250|24
Soft Drink|Ginger Beer|Crabbies Ginger Beer 330ml Can|Crabbies|330|24
Soft Drink|Ginger Beer|Crabbies Ginger Beer 500ml Bottle|Crabbies|500|12
Soft Drink|Ginger Beer|Fever-Tree Ginger Beer 200ml|Fever-Tree|200|24
Soft Drink|Ginger Beer|Fever-Tree Ginger Beer 500ml|Fever-Tree|500|12
Soft Drink|Ginger Beer|Old Jamaica Ginger Beer 330ml Bottle|Old Jamaica|330|24
Soft Drink|Ginger Beer|Old Jamaica Ginger Beer 500ml Bottle|Old Jamaica|500|12
Soft Drink|Juice|Apple Juice 200ml Bottle|Apple|200|24
Soft Drink|Juice|Apple Juice 500ml Bottle|Apple|500|12
Soft Drink|Juice|Cranberry Juice 200ml Bottle|Cranberry|200|24
Soft Drink|Juice|Cranberry Juice 500ml Bottle|Cranberry|500|12
Soft Drink|Juice|Orange Juice 1L Bottle|Fresh Orange|1000|6
Soft Drink|Juice|Orange Juice 200ml Bottle|Fresh Orange|200|24
Soft Drink|Juice|Orange Juice 500ml Bottle|Fresh Orange|500|12
Soft Drink|Juice|Pineapple Juice 200ml Bottle|Pineapple|200|24
Soft Drink|Juice|Pineapple Juice 500ml Bottle|Pineapple|500|12
Soft Drink|Juice|Tomato Juice 200ml Bottle|Tomato|200|24
Soft Drink|Juice|Tomato Juice 500ml Bottle|Tomato|500|12
Soft Drink|Lemonade|7UP Lemon-Lime 330ml Can|7UP|330|24
Soft Drink|Lemonade|7UP Lemon-Lime 500ml Bottle|7UP|500|12
Soft Drink|Lemonade|Sprite Lemonade 330ml Can|Sprite|330|24
Soft Drink|Lemonade|Sprite Lemonade 500ml Bottle|Sprite|500|12
Soft Drink|Sparkling Water|Perrier Sparkling Water 500ml Bottle|Perrier|500|12
Soft Drink|Sparkling Water|San Pellegrino Sparkling Water 500ml Bottle|San Pellegrino|500|12
Soft Drink|Sparkling Water|Voss Premium Sparkling 500ml Bottle|Voss|500|12
Soft Drink|Tonic Water|Fever-Tree Indian Tonic 200ml|Fever-Tree|200|24
Soft Drink|Tonic Water|Fever-Tree Indian Tonic 500ml|Fever-Tree|500|12
Soft Drink|Tonic Water|Fever-Tree Premium Tonic Water 1L|Fever-Tree|1000|6
Soft Drink|Tonic Water|Fever-Tree Premium Tonic Water 200ml|Fever-Tree|200|24
Soft Drink|Tonic Water|Fever-Tree Premium Tonic Water 500ml|Fever-Tree|500|12
Soft Drink|Tonic Water|Q Tonic Water 200ml|Q Tonic|200|24
Soft Drink|Tonic Water|Q Tonic Water 500ml|Q Tonic|500|12
Soft Drink|Tonic Water|Schweppes Tonic Water 1L|Schweppes|1000|6
Soft Drink|Tonic Water|Schweppes Tonic Water 200ml|Schweppes|200|24
Soft Drink|Tonic Water|Schweppes Tonic Water 500ml|Schweppes|500|12
Soft Drinks|Bag-in-Box Soft Drinks|Coca-Cola|Coca-Cola|10000|1
Soft Drinks|Bag-in-Box Soft Drinks|Coca-Cola Zero|Coca-Cola|10000|1
Soft Drinks|Bag-in-Box Soft Drinks|Diet Coke|Coca-Cola|10000|1
Soft Drinks|Bag-in-Box Soft Drinks|Pepsi|Pepsi|10000|1
Soft Drinks|Bag-in-Box Soft Drinks|Pepsi Max|Pepsi|10000|1
Soft Drinks|Bottled Soft Drinks|7UP|7UP|330|24
Soft Drinks|Bottled Soft Drinks|7UP Free|7UP|330|24
Soft Drinks|Bottled Soft Drinks|Coca-Cola Classic|Coca-Cola|330|24
Soft Drinks|Bottled Soft Drinks|Coca-Cola Zero Sugar|Coca-Cola|330|24
Soft Drinks|Bottled Soft Drinks|Diet Coke|Coca-Cola|330|24
Soft Drinks|Bottled Soft Drinks|Fanta Fruit Twist|Fanta|330|24
Soft Drinks|Bottled Soft Drinks|Fanta Lemon|Fanta|330|24
Soft Drinks|Bottled Soft Drinks|Fanta Orange|Fanta|330|24
Soft Drinks|Bottled Soft Drinks|Pepsi|Pepsi|330|24
Soft Drinks|Bottled Soft Drinks|Pepsi Max|Pepsi|330|24
Soft Drinks|Bottled Soft Drinks|Schweppes Lemonade|Schweppes|330|24
Soft Drinks|Bottled Soft Drinks|Sprite|Sprite|330|24
Soft Drinks|Bottled Soft Drinks|Sprite Zero|Sprite|330|24
Soft Drinks|Bottled Water|Buxton Sparkling Water|Buxton|500|24
Soft Drinks|Bottled Water|Buxton Still Water|Buxton|500|24
Soft Drinks|Bottled Water|Evian Still Water|Evian|330|24
Soft Drinks|Bottled Water|Evian Still Water|Evian|750|12
Soft Drinks|Bottled Water|Highland Spring Sparkling Water|Highland Spring|500|24
Soft Drinks|Bottled Water|Highland Spring Still Water|Highland Spring|330|24
Soft Drinks|Bottled Water|Highland Spring Still Water|Highland Spring|500|24
Soft Drinks|Bottled Water|Perrier Sparkling Water|Perrier|330|24
Soft Drinks|Bottled Water|San Pellegrino Sparkling Water|San Pellegrino|500|24
Soft Drinks|Bottled Water|Volvic Still Water|Volvic|500|24
Soft Drinks|Cola|Coca-Cola|Coca-Cola|330|24
Soft Drinks|Cola|Coca-Cola Cherry|Coca-Cola|330|24
Soft Drinks|Cola|Coca-Cola Vanilla|Coca-Cola|330|24
Soft Drinks|Cola|Coca-Cola Zero Sugar|Coca-Cola|500|12
Soft Drinks|Cola|Coke Zero|Coca-Cola|330|24
Soft Drinks|Cola|Diet Coke Cherry|Coca-Cola|330|24
Soft Drinks|Cola|Pepsi Zero Sugar|Pepsi|330|24
Soft Drinks|Energy Drink|Red Bull|Red Bull|250|24
Soft Drinks|Energy Drinks|Lucozade Energy Orange|Lucozade|380|24
Soft Drinks|Energy Drinks|Lucozade Energy Original|Lucozade|380|24
Soft Drinks|Energy Drinks|Monster Energy|Monster|500|24
Soft Drinks|Energy Drinks|Monster Ultra Zero|Monster|500|24
Soft Drinks|Energy Drinks|Red Bull Energy Drink|Red Bull|250|24
Soft Drinks|Energy Drinks|Red Bull Sugar Free|Red Bull|250|24
Soft Drinks|Energy Drinks|Red Bull Tropical|Red Bull|250|24
Soft Drinks|Energy Drinks|Relentless Origin|Relentless|500|24
Soft Drinks|Energy Drinks|Rockstar Energy|Rockstar|500|24
Soft Drinks|Fizzy|Barr Irn-Bru|A.G. Barr|330|24
Soft Drinks|Fruit Cordial|Robinson Squash|Coca-Cola|750|12
Soft Drinks|Fruit Cordial|Vimto|Vimto|750|12
Soft Drinks|Fruit Flavoured|Fanta Berry|Coca-Cola|330|24
Soft Drinks|Fruit Flavoured|Fanta Lemon|Coca-Cola|330|24
Soft Drinks|Fruit Flavoured|Fanta Lime|Coca-Cola|330|24
Soft Drinks|Fruit Flavoured|Fanta Orange|Coca-Cola|330|24
Soft Drinks|Fruit Flavoured|Fanta Orange Zero|Coca-Cola|330|24
Soft Drinks|Fruit Flavoured|Fanta Pineapple|Coca-Cola|330|24
Soft Drinks|Fruit Flavoured|Tango Apple|Coca-Cola|330|24
Soft Drinks|Fruit Flavoured|Tango Orange|Coca-Cola|330|24
Soft Drinks|Fruit Flavoured|Tango Pineapple|Coca-Cola|330|24
Soft Drinks|Ginger Beer|Old Jamaica Ginger Beer|Coca-Cola|330|12
Soft Drinks|Juice|Appletiser|Appletiser|330|24
Soft Drinks|Juice|Cranberry Juice|Ocean Spray|330|12
Soft Drinks|Juice|Orange Juice|Tropicana|250|24
Soft Drinks|Juice Drink|Simply Lemonade|The Coca-Cola Company|330|8
Soft Drinks|Juices & Cordials|Britvic Apple Juice|Britvic|250|24
Soft Drinks|Juices & Cordials|Britvic Cranberry Juice|Britvic|250|24
Soft Drinks|Juices & Cordials|Britvic Orange Juice|Britvic|250|24
Soft Drinks|Juices & Cordials|Britvic Pineapple Juice|Britvic|250|24
Soft Drinks|Juices & Cordials|Britvic Tomato Juice|Britvic|250|24
Soft Drinks|Juices & Cordials|J2O Apple & Mango|J2O|275|24
Soft Drinks|Juices & Cordials|J2O Apple & Raspberry|J2O|275|24
Soft Drinks|Juices & Cordials|J2O Orange & Passion Fruit|J2O|275|24
Soft Drinks|Juices & Cordials|Robinsons Blackcurrant|Robinsons|1000|8
Soft Drinks|Juices & Cordials|Robinsons Lemon Barley|Robinsons|1000|8
Soft Drinks|Juices & Cordials|Robinsons Orange Squash|Robinsons|1000|8
Soft Drinks|Juices & Cordials|Robinsons Summer Fruits|Robinsons|1000|8
Soft Drinks|Lemonade|7UP Zero|7UP|330|24
Soft Drinks|Lemonade|Sprite|Coca-Cola|330|24
Soft Drinks|Lemonade|Sprite Zero|Coca-Cola|330|24
Soft Drinks|Lemonade|Lemonade|Schweppes|330|24
Soft Drinks|Mixers|Fever-Tree Premium Indian Tonic|Fever-Tree|200|24
Soft Drinks|Mixers|Fever-Tree Tonic Water|Fever-Tree|200|24
Soft Drinks|Mixers|Schweppes Indian Tonic Water|Schweppes|200|24
Soft Drinks|Mixers & Tonic Waters|Fever-Tree Elderflower Tonic|Fever-Tree|200|24
Soft Drinks|Mixers & Tonic Waters|Fever-Tree Ginger Ale|Fever-Tree|200|24
Soft Drinks|Mixers & Tonic Waters|Fever-Tree Ginger Beer|Fever-Tree|200|24
Soft Drinks|Mixers & Tonic Waters|Fever-Tree Indian Tonic Water|Fever-Tree|200|24
Soft Drinks|Mixers & Tonic Waters|Fever-Tree Light Tonic Water|Fever-Tree|200|24
Soft Drinks|Mixers & Tonic Waters|Fever-Tree Mediterranean Tonic|Fever-Tree|200|24
Soft Drinks|Mixers & Tonic Waters|Schweppes Ginger Ale|Schweppes|200|24
Soft Drinks|Mixers & Tonic Waters|Schweppes Slimline Tonic|Schweppes|200|24
Soft Drinks|Mixers & Tonic Waters|Schweppes Soda Water|Schweppes|200|24
Soft Drinks|Mixers & Tonic Waters|Schweppes Tonic Water|Schweppes|200|24
Soft Drinks|Water|Perrier Sparkling Water|Nestlé|750|12
Soft Drinks|Water|San Pellegrino Sparkling Water|Nestlé|750|12
Spirits|Aperitifs & Digestifs|Aperol|Aperol|700|12
Spirits|Aperitifs & Digestifs|Aperol|Aperol|1000|6
Spirits|Aperitifs & Digestifs|Campari|Campari|700|12
Spirits|Aperitifs & Digestifs|Martini Bianco|Martini|750|12
Spirits|Aperitifs & Digestifs|Martini Extra Dry|Martini|750|12
Spirits|Aperitifs & Digestifs|Martini Rosso|Martini|750|12
Spirits|Aperitifs & Digestifs|Pimm's No.1|Pimm's|700|12
Spirits|Aperitifs & Digestifs|Pimm's No.1|Pimm's|1000|12
Spirits|Bitters & Syrups|Angostura Aromatic Bitters|Angostura|200|12
Spirits|Bitters & Syrups|Angostura Orange Bitters|Angostura|100|12
Spirits|Bitters & Syrups|Peychaud's Bitters|Peychaud's|148|12
Spirits|Gin|Beefeater Blood Orange Gin|Beefeater|700|12
Spirits|Gin|Beefeater London Dry Gin|Beefeater|700|12
Spirits|Gin|Beefeater London Dry Gin|Beefeater|1000|12
Spirits|Gin|Beefeater Pink Gin|Beefeater|700|12
Spirits|Gin|Bombay Bramble (Blackberry & Raspberry)|Bombay Sapphire|700|12
Spirits|Gin|Bombay Citron Presse (Lemon)|Bombay Sapphire|700|12
Spirits|Gin|Bombay Sapphire Gin|Bombay Sapphire|700|12
Spirits|Gin|Bombay Sapphire Gin|Bombay Sapphire|1000|12
Spirits|Gin|Edinburgh Gin Classic|Edinburgh Gin|700|6
Spirits|Gin|Edinburgh Raspberry Gin|Edinburgh Gin|700|6
Spirits|Gin|Edinburgh Rhubarb & Ginger Gin|Edinburgh Gin|700|6
Spirits|Gin|Gordon's London Dry Gin|Gordon's|700|12
Spirits|Gin|Gordon's London Dry Gin|Gordon's|1000|12
Spirits|Gin|Gordon's Mediterranean Orange Gin|Gordon's|700|12
Spirits|Gin|Gordon's Premium Pink Gin|Gordon's|700|12
Spirits|Gin|Gordon's Sicilian Lemon Gin|Gordon's|700|12
Spirits|Gin|Gordon's White Peach Gin|Gordon's|700|12
Spirits|Gin|Hayman's London Dry Gin|Hayman's|700|6
Spirits|Gin|Hendrick's Gin|Hendrick's|700|6
Spirits|Gin|Hendrick's Lunar|Hendrick's|700|6
Spirits|Gin|Hendrick's Midsummer Solstice|Hendrick's|700|6
Spirits|Gin|Hendrick's Orbium|Hendrick's|700|6
Spirits|Gin|Mermaid Gin|Isle of Wight Distillery|700|6
Spirits|Gin|Mermaid Pink Gin|Isle of Wight Distillery|700|6
Spirits|Gin|Malfy Gin Arancia (Blood Orange)|Malfy|700|6
Spirits|Gin|Malfy Gin Con Limone (Lemon)|Malfy|700|6
Spirits|Gin|Malfy Gin Rosa (Pink Grapefruit)|Malfy|700|6
Spirits|Gin|Manchester Gin Original|Manchester Gin|700|6
Spirits|Gin|Manchester Raspberry Infused Gin|Manchester Gin|700|6
Spirits|Gin|Monkey 47 Schwarzwald Dry Gin|Monkey 47|500|6
Spirits|Gin|Opihr Oriental Spiced Gin|Opihr|700|6
Spirits|Gin|Plymouth Gin|Plymouth|700|6
Spirits|Gin|Sipsmith Lemon Drizzle Gin|Sipsmith|700|6
Spirits|Gin|Sipsmith London Dry Gin|Sipsmith|700|6
Spirits|Gin|Tanqueray Blackcurrant Royale|Tanqueray|700|12
Spirits|Gin|Tanqueray Flor de Sevilla (Orange)|Tanqueray|700|12
Spirits|Gin|Tanqueray London Dry Gin|Tanqueray|700|12
Spirits|Gin|Tanqueray London Dry Gin|Tanqueray|1000|12
Spirits|Gin|Tanqueray No. Ten|Tanqueray|700|6
Spirits|Gin|The Botanist Islay Dry Gin|The Botanist|700|6
Spirits|Gin|Warner's Elderflower Gin|Warner's|700|6
Spirits|Gin|Warner's Raspberry Gin|Warner's|700|6
Spirits|Gin|Warner's Rhubarb Gin|Warner's|700|6
Spirits|Gin|Whitley Neill Blackberry Gin|Whitley Neill|700|6
Spirits|Gin|Whitley Neill Blood Orange Gin|Whitley Neill|700|6
Spirits|Gin|Whitley Neill Original Gin|Whitley Neill|700|6
Spirits|Gin|Whitley Neill Parma Violet Gin|Whitley Neill|700|6
Spirits|Gin|Whitley Neill Raspberry Gin|Whitley Neill|700|6
Spirits|Gin|Whitley Neill Rhubarb & Ginger Gin|Whitley Neill|700|6
Spirits|Liqueurs & Specialities|Baileys Espresso Creme|Baileys|700|12
Spirits|Liqueurs & Specialities|Baileys Original Irish Cream|Baileys|700|12
Spirits|Liqueurs & Specialities|Baileys Original Irish Cream|Baileys|1000|12
Spirits|Liqueurs & Specialities|Baileys Salted Caramel|Baileys|700|12
Spirits|Liqueurs & Specialities|Baileys Strawberries & Cream|Baileys|700|12
Spirits|Liqueurs & Specialities|Chambord Black Raspberry Liqueur|Chambord|500|6
Spirits|Liqueurs & Specialities|Cointreau|Cointreau|700|12
Spirits|Liqueurs & Specialities|Disaronno Originale Amaretto|Disaronno|700|12
Spirits|Liqueurs & Specialities|Drambuie|Drambuie|700|6
Spirits|Liqueurs & Specialities|Grand Marnier|Grand Marnier|700|6
Spirits|Liqueurs & Specialities|Jägermeister|Jägermeister|700|12
Spirits|Liqueurs & Specialities|Jägermeister|Jägermeister|1000|12
Spirits|Liqueurs & Specialities|Kahlua Coffee Liqueur|Kahlua|700|12
Spirits|Liqueurs & Specialities|Sambuca Luxardo|Luxardo|700|12
Spirits|Liqueurs & Specialities|Sambuca Molinari|Molinari|700|12
Spirits|Liqueurs & Specialities|Pernod Anise|Pernod|700|12
Spirits|Liqueurs & Specialities|Southern Comfort|Southern Comfort|700|12
Spirits|Liqueurs & Specialities|St-Germain Elderflower Liqueur|St-Germain|700|6
Spirits|Liqueurs & Specialities|Tia Maria Coffee Liqueur|Tia Maria|700|12
Spirits|Low & No Alcohol Spirits|Gordon's 0.0% Alcohol Free|Gordon's|700|12
Spirits|Low & No Alcohol Spirits|Lyre's American Malt|Lyre's|700|6
Spirits|Low & No Alcohol Spirits|Lyre's Dry London Spirit|Lyre's|700|6
Spirits|Low & No Alcohol Spirits|Lyre's Italian Orange|Lyre's|700|6
Spirits|Low & No Alcohol Spirits|Seedlip Garden 108|Seedlip|700|6
Spirits|Low & No Alcohol Spirits|Seedlip Grove 42|Seedlip|700|6
Spirits|Low & No Alcohol Spirits|Seedlip Spice 94|Seedlip|700|6
Spirits|Rum|Appleton Estate Signature Blend|Appleton Estate|700|12
Spirits|Rum|Bacardi Carta Blanca (White)|Bacardi|700|12
Spirits|Rum|Bacardi Carta Blanca (White)|Bacardi|1000|12
Spirits|Rum|Bacardi Carta Negra (Black)|Bacardi|700|12
Spirits|Rum|Bacardi Carta Oro (Gold)|Bacardi|700|12
Spirits|Rum|Bacardi Coconut|Bacardi|700|12
Spirits|Rum|Bacardi Raspberry|Bacardi|700|12
Spirits|Rum|Bacardi Spiced|Bacardi|700|12
Spirits|Rum|Captain Morgan Black Spiced|Captain Morgan|700|12
Spirits|Rum|Captain Morgan Dark Rum|Captain Morgan|700|12
Spirits|Rum|Captain Morgan Original Spiced Gold|Captain Morgan|700|12
Spirits|Rum|Captain Morgan Original Spiced Gold|Captain Morgan|1000|12
Spirits|Rum|Captain Morgan Tiki|Captain Morgan|700|12
Spirits|Rum|Captain Morgan White Rum|Captain Morgan|700|12
Spirits|Rum|Dead Man's Fingers Coconut Rum|Dead Man's Fingers|700|6
Spirits|Rum|Dead Man's Fingers Coffee Rum|Dead Man's Fingers|700|6
Spirits|Rum|Dead Man's Fingers Spiced Rum|Dead Man's Fingers|700|6
Spirits|Rum|Diplomatico Reserva Exclusiva|Diplomatico|700|6
Spirits|Rum|Havana Club 3 Year Old|Havana Club|700|12
Spirits|Rum|Havana Club 7 Year Old|Havana Club|700|6
Spirits|Rum|Havana Club Especial|Havana Club|700|12
Spirits|Rum|Kraken Black Spiced Rum|Kraken|700|12
Spirits|Rum|Kraken Black Spiced Rum|Kraken|1000|6
Spirits|Rum|Lamb's Navy Rum|Lamb's|700|12
Spirits|Rum|Malibu Mango|Malibu|700|12
Spirits|Rum|Malibu Original (Coconut)|Malibu|700|12
Spirits|Rum|Malibu Original (Coconut)|Malibu|1000|12
Spirits|Rum|Malibu Passion Fruit|Malibu|700|12
Spirits|Rum|Malibu Pineapple|Malibu|700|12
Spirits|Rum|Malibu Strawberry|Malibu|700|12
Spirits|Rum|Mount Gay Black Barrel|Mount Gay|700|6
Spirits|Rum|Mount Gay Eclipse|Mount Gay|700|12
Spirits|Rum|Sailor Jerry Spiced Rum|Sailor Jerry|700|12
Spirits|Rum|Wray & Nephew White Overproof Rum|Wray & Nephew|700|12
Spirits|Rum|Zacapa 23 Year Old|Zacapa|700|6
Spirits|Tequila|Casamigos Blanco|Casamigos|700|6
Spirits|Tequila|Casamigos Reposado|Casamigos|700|6
Spirits|Tequila|Don Julio Blanco|Don Julio|700|6
Spirits|Tequila|Don Julio Reposado|Don Julio|700|6
Spirits|Tequila|El Jimador Blanco|El Jimador|700|12
Spirits|Tequila|El Jimador Reposado|El Jimador|700|12
Spirits|Tequila|Jose Cuervo Especial Gold|Jose Cuervo|700|12
Spirits|Tequila|Jose Cuervo Especial Silver|Jose Cuervo|700|12
Spirits|Tequila|Olmeca Blanco|Olmeca|700|12
Spirits|Tequila|Olmeca Reposado|Olmeca|700|12
Spirits|Tequila|Patron Añejo|Patron|700|6
Spirits|Tequila|Patron Reposado|Patron|700|6
Spirits|Tequila|Patron Silver|Patron|700|6
Spirits|Tequila|Sierra Reposado Tequila|Sierra|700|12
Spirits|Tequila|Sierra Silver Tequila|Sierra|700|12
Spirits|Vodka|Absolut Citron|Absolut|700|12
Spirits|Vodka|Absolut Lime|Absolut|700|12
Spirits|Vodka|Absolut Mandrin (Orange)|Absolut|700|12
Spirits|Vodka|Absolut Mango|Absolut|700|12
Spirits|Vodka|Absolut Pears|Absolut|700|12
Spirits|Vodka|Absolut Raspberry (Raspberri)|Absolut|700|12
Spirits|Vodka|Absolut Vanilla|Absolut|700|12
Spirits|Vodka|Absolut Vodka|Absolut|700|12
Spirits|Vodka|Absolut Vodka|Absolut|1000|12
Spirits|Vodka|Absolut Watermelon|Absolut|700|12
Spirits|Vodka|Belvedere Vodka|Belvedere|700|6
Spirits|Vodka|Belvedere Vodka|Belvedere|1000|6
Spirits|Vodka|Ciroc Apple|Ciroc|700|6
Spirits|Vodka|Ciroc Coconut|Ciroc|700|6
Spirits|Vodka|Ciroc Pineapple|Ciroc|700|6
Spirits|Vodka|Ciroc Red Berry|Ciroc|700|6
Spirits|Vodka|Ciroc Vodka|Ciroc|700|6
Spirits|Vodka|Grey Goose L'Orange|Grey Goose|700|6
Spirits|Vodka|Grey Goose La Poire (Pear)|Grey Goose|700|6
Spirits|Vodka|Grey Goose Le Citron|Grey Goose|700|6
Spirits|Vodka|Grey Goose Vodka|Grey Goose|700|6
Spirits|Vodka|Grey Goose Vodka|Grey Goose|1000|6
Spirits|Vodka|Ketel One Citroen|Ketel One|700|12
Spirits|Vodka|Ketel One Vodka|Ketel One|700|12
Spirits|Vodka|Russian Standard Vodka|Russian Standard|700|12
Spirits|Vodka|Russian Standard Vodka|Russian Standard|1000|12
Spirits|Vodka|Skyy Vodka|Skyy|700|12
Spirits|Vodka|Smirnoff Black Cherry|Smirnoff|700|12
Spirits|Vodka|Smirnoff Blueberry|Smirnoff|700|12
Spirits|Vodka|Smirnoff Citrus|Smirnoff|700|12
Spirits|Vodka|Smirnoff Coconut|Smirnoff|700|12
Spirits|Vodka|Smirnoff Cranberry|Smirnoff|700|12
Spirits|Vodka|Smirnoff Espresso|Smirnoff|700|12
Spirits|Vodka|Smirnoff Green Apple|Smirnoff|700|12
Spirits|Vodka|Smirnoff Lime|Smirnoff|700|12
Spirits|Vodka|Smirnoff Mango|Smirnoff|700|12
Spirits|Vodka|Smirnoff Orange|Smirnoff|700|12
Spirits|Vodka|Smirnoff Pineapple|Smirnoff|700|12
Spirits|Vodka|Smirnoff Pink Lemonade|Smirnoff|700|12
Spirits|Vodka|Smirnoff Raspberry|Smirnoff|700|12
Spirits|Vodka|Smirnoff Red Label|Smirnoff|700|12
Spirits|Vodka|Smirnoff Red Label|Smirnoff|1000|12
Spirits|Vodka|Smirnoff Strawberry|Smirnoff|700|12
Spirits|Vodka|Smirnoff Vanilla|Smirnoff|700|12
Spirits|Vodka|Smirnoff Watermelon|Smirnoff|700|12
Spirits|Vodka|Stolichnaya (Stoli) Vodka|Stolichnaya|700|12
Spirits|Vodka|Stolichnaya Raspberry (Razberi)|Stolichnaya|700|12
Spirits|Vodka|Stolichnaya Vanilla|Stolichnaya|700|12
Spirits|Whisky|Ardbeg 10 Year Old|Ardbeg|700|6
Spirits|Whisky|Ardbeg An Oa|Ardbeg|700|6
Spirits|Whisky|Ballantine's 12 Year Old|Ballantine's|700|6
Spirits|Whisky|Ballantine's Finest|Ballantine's|700|12
Spirits|Whisky|Ballantine's Finest|Ballantine's|1000|12
Spirits|Whisky|Bells Original|Bell's|700|12
Spirits|Whisky|Bells Original|Bell's|1000|12
Spirits|Whisky|Bowmore 12 Year Old|Bowmore|700|6
Spirits|Whisky|Buffalo Trace Bourbon|Buffalo Trace|700|6
Spirits|Whisky|Bulleit Bourbon|Bulleit|700|6
Spirits|Whisky|Bushmills 10 Year Old|Bushmills|700|6
Spirits|Whisky|Bushmills Black Bush|Bushmills|700|6
Spirits|Whisky|Bushmills Original|Bushmills|700|12
Spirits|Whisky|Chivas Regal 12 Year Old|Chivas Regal|700|6
Spirits|Whisky|Chivas Regal 18 Year Old|Chivas Regal|700|6
Spirits|Whisky|Four Roses Bourbon|Four Roses|700|6
Spirits|Whisky|Glenfiddich 12 Year Old|Glenfiddich|700|6
Spirits|Whisky|Glenfiddich 15 Year Old|Glenfiddich|700|6
Spirits|Whisky|Glenfiddich 18 Year Old|Glenfiddich|700|6
Spirits|Whisky|Glenmorangie Lasanta 12 Year Old|Glenmorangie|700|6
Spirits|Whisky|Glenmorangie Original 10 Year Old|Glenmorangie|700|6
Spirits|Whisky|Glenmorangie Quinta Ruban|Glenmorangie|700|6
Spirits|Whisky|Grant's Family Reserve|Grant's|700|12
Spirits|Whisky|Grant's Family Reserve|Grant's|1000|12
Spirits|Whisky|Hibiki Japanese Harmony|Hibiki|700|6
Spirits|Whisky|Highland Park 12 Year Old|Highland Park|700|6
Spirits|Whisky|J&B Rare|J&B|700|12
Spirits|Whisky|J&B Rare|J&B|1000|12
Spirits|Whisky|Jack Daniel's Gentleman Jack|Jack Daniel's|700|6
Spirits|Whisky|Jack Daniel's Old No.7|Jack Daniel's|700|12
Spirits|Whisky|Jack Daniel's Old No.7|Jack Daniel's|1000|12
Spirits|Whisky|Jack Daniel's Single Barrel|Jack Daniel's|700|6
Spirits|Whisky|Jack Daniel's Tennessee Apple|Jack Daniel's|700|12
Spirits|Whisky|Jack Daniel's Tennessee Fire|Jack Daniel's|700|12
Spirits|Whisky|Jack Daniel's Tennessee Honey|Jack Daniel's|700|12
Spirits|Whisky|Jameson Black Barrel|Jameson|700|6
Spirits|Whisky|Jameson Caskmates IPA Edition|Jameson|700|6
Spirits|Whisky|Jameson Caskmates Stout Edition|Jameson|700|6
Spirits|Whisky|Jameson Irish Whiskey|Jameson|700|12
Spirits|Whisky|Jameson Irish Whiskey|Jameson|1000|12
Spirits|Whisky|Jim Beam Apple|Jim Beam|700|12
Spirits|Whisky|Jim Beam Black|Jim Beam|700|6
Spirits|Whisky|Jim Beam Honey|Jim Beam|700|12
Spirits|Whisky|Jim Beam Red Stag (Black Cherry)|Jim Beam|700|12
Spirits|Whisky|Jim Beam White Label|Jim Beam|700|12
Spirits|Whisky|Jim Beam White Label|Jim Beam|1000|12
Spirits|Whisky|Johnnie Walker Black Label|Johnnie Walker|700|12
Spirits|Whisky|Johnnie Walker Blue Label|Johnnie Walker|700|6
Spirits|Whisky|Johnnie Walker Double Black|Johnnie Walker|700|12
Spirits|Whisky|Johnnie Walker Gold Label Reserve|Johnnie Walker|700|6
Spirits|Whisky|Johnnie Walker Green Label|Johnnie Walker|700|6
Spirits|Whisky|Johnnie Walker Red Label|Johnnie Walker|700|12
Spirits|Whisky|Jura 10 Year Old Origin|Jura|700|6
Spirits|Whisky|Knob Creek Bourbon|Knob Creek|700|6
Spirits|Whisky|Lagavulin 16 Year Old|Lagavulin|700|6
Spirits|Whisky|Laphroaig 10 Year Old|Laphroaig|700|6
Spirits|Whisky|Laphroaig Quarter Cask|Laphroaig|700|6
Spirits|Whisky|Maker's Mark Bourbon|Maker's Mark|700|6
Spirits|Whisky|Nikka Coffey Grain|Nikka|700|6
Spirits|Whisky|Nikka From The Barrel|Nikka|500|6
Spirits|Whisky|Oban 14 Year Old|Oban|700|6
Spirits|Whisky|Powers Gold Label|Powers|700|12
Spirits|Whisky|Redbreast 12 Year Old|Redbreast|700|6
Spirits|Whisky|Talisker 10 Year Old|Talisker|700|6
Spirits|Whisky|Teachers Highland Cream|Teacher's|700|12
Spirits|Whisky|Teachers Highland Cream|Teacher's|1000|12
Spirits|Whisky|Teeling Small Batch|Teeling|700|6
Spirits|Whisky|Famous Grouse|The Famous Grouse|700|12
Spirits|Whisky|Famous Grouse|The Famous Grouse|1000|12
Spirits|Whisky|The Glenlivet 12 Year Old|The Glenlivet|700|6
Spirits|Whisky|The Glenlivet 15 Year Old|The Glenlivet|700|6
Spirits|Whisky|The Glenlivet 18 Year Old|The Glenlivet|700|6
Spirits|Whisky|The Macallan 12 Year Old Double Cask|The Macallan|700|6
Spirits|Whisky|The Macallan 15 Year Old Double Cask|The Macallan|700|6
Spirits|Whisky|The Macallan 18 Year Old Double Cask|The Macallan|700|6
Spirits|Whisky|Tullamore D.E.W.|Tullamore Dew|700|12
Spirits|Whisky|Tullamore D.E.W.|Tullamore Dew|1000|12
Spirits|Whisky|Tullamore D.E.W. 12 Year Old|Tullamore Dew|700|6
Spirits|Whisky|Whyte & Mackay Special|Whyte & Mackay|700|12
Spirits|Whisky|Whyte & Mackay Special|Whyte & Mackay|1000|12
Spirits|Whisky|Wild Turkey 81 Proof|Wild Turkey|700|12
Spirits|Whisky|William Lawson's|William Lawson's|700|12
Spirits|Whisky|William Lawson's|William Lawson's|1000|12
Spirits|Whisky|Woodford Reserve Bourbon|Woodford Reserve|700|6
Spirits|Whisky|Yamazaki 12 Year Old|Yamazaki|700|6
Tequila|Anejo|Casamigos Anejo 70cl|Casamigos|700|6
Tequila|Anejo|Don Julio Anejo 70cl|Don Julio|700|6
Tequila|Anejo|Jose Cuervo 1800 Anejo Cristalino 70cl|Jose Cuervo|700|6
Tequila|Anejo|Patron Anejo 70cl|Patron|700|6
Tequila|Blanco|1800 Silver Tequila 70cl|1800|700|6
Tequila|Blanco|Casamigos Blanco 70cl|Casamigos|700|6
Tequila|Blanco|Don Julio Blanco 1L|Don Julio|1000|6
Tequila|Blanco|Don Julio Blanco 50ml|Don Julio|50|24
Tequila|Blanco|Don Julio Blanco 70cl|Don Julio|700|6
Tequila|Blanco|Jose Cuervo Especial Blanco 1L|Jose Cuervo|1000|6
Tequila|Blanco|Jose Cuervo Especial Blanco 50ml|Jose Cuervo|50|24
Tequila|Blanco|Jose Cuervo Especial Blanco 70cl|Jose Cuervo|700|6
Tequila|Blanco|Lunazul Blanco Tequila 70cl|Lunazul|700|6
Tequila|Blanco|Patron Silver 1L|Patron|1000|6
Tequila|Blanco|Patron Silver 50ml|Patron|50|24
Tequila|Blanco|Patron Silver 70cl|Patron|700|6
Tequila|Blanco|Sauza Blanco Tequila 70cl|Sauza|700|6
Tequila|Reposado|Casamigos Reposado 70cl|Casamigos|700|6
Tequila|Reposado|Don Julio Reposado 1L|Don Julio|1000|6
Tequila|Reposado|Don Julio Reposado 50ml|Don Julio|50|24
Tequila|Reposado|Don Julio Reposado 70cl|Don Julio|700|6
Tequila|Reposado|Jose Cuervo 1800 Reposado 70cl|Jose Cuervo|700|6
Tequila|Reposado|Patron Reposado 70cl|Patron|700|6
Tequila|Reposado|Sauza Reposado Tequila 70cl|Sauza|700|6
Vodka|Flavored|Absolut Citron Vodka 70cl|Absolut|700|6
Vodka|Flavored|Absolut Raspberry Vodka 70cl|Absolut|700|6
Vodka|Flavored|Absolut Vanilla Vodka 70cl|Absolut|700|6
Vodka|Flavored|Cîroc Apple Vodka 70cl|Cîroc|700|6
Vodka|Flavored|Cîroc Peach Vodka 70cl|Cîroc|700|6
Vodka|Flavored|Cîroc Pineapple Vodka 70cl|Cîroc|700|6
Vodka|Flavored|Ketel One Citroen Vodka 70cl|Ketel One|700|6
Vodka|Flavored|Ketel One Oranje Vodka 70cl|Ketel One|700|6
Vodka|Flavored|Smirnoff Citrus Vodka 70cl|Smirnoff|700|6
Vodka|Flavored|Smirnoff Cranberry Vodka 70cl|Smirnoff|700|6
Vodka|Flavored|Smirnoff Mango Vodka 70cl|Smirnoff|700|6
Vodka|Flavored|Smirnoff Raspberry Vodka 70cl|Smirnoff|700|6
Vodka|Flavored|Smirnoff Vanilla Vodka 50ml|Smirnoff|50|24
Vodka|Flavored|Smirnoff Vanilla Vodka 70cl|Smirnoff|700|6
Vodka|Premium|Belvedere Pure Vodka 70cl|Belvedere|700|6
Vodka|Premium|Belvedere Vodka 1L|Belvedere|1000|6
Vodka|Premium|Belvedere Vodka 70cl|Belvedere|700|6
Vodka|Premium|Grey Goose Vodka 1L|Grey Goose|1000|6
Vodka|Premium|Grey Goose Vodka 70cl|Grey Goose|700|6
Vodka|Premium|Nemiroff Premium Vodka 70cl|Nemiroff|700|6
Vodka|Premium|Stolichnaya Elit Vodka 70cl|Stolichnaya|700|6
Vodka|Premium|Tito's Handmade Vodka 70cl|Tito's|700|6
Vodka|Premium|Żubrówka Bison Grass Vodka 70cl|Żubrówka|700|6
Vodka|Standard|Absolut Vodka 1L|Absolut|1000|6
Vodka|Standard|Absolut Vodka 25ml|Absolut|25|48
Vodka|Standard|Absolut Vodka 50ml|Absolut|50|24
Vodka|Standard|Absolut Vodka 70cl|Absolut|700|6
Vodka|Standard|Cîroc Vodka 1L|Cîroc|1000|6
Vodka|Standard|Cîroc Vodka 70cl|Cîroc|700|6
Vodka|Standard|Finlandia Vodka 70cl|Finlandia|700|6
Vodka|Standard|Ketel One Vodka 1L|Ketel One|1000|6
Vodka|Standard|Ketel One Vodka 70cl|Ketel One|700|6
Vodka|Standard|Skyy Vodka 1L|Skyy|1000|6
Vodka|Standard|Skyy Vodka 70cl|Skyy|700|6
Vodka|Standard|Smirnoff Vodka 1L|Smirnoff|1000|6
Vodka|Standard|Smirnoff Vodka 25ml|Smirnoff|25|48
Vodka|Standard|Smirnoff Vodka 50ml|Smirnoff|50|24
Vodka|Standard|Smirnoff Vodka 70cl|Smirnoff|700|6
Vodka|Standard|Stolichnaya Vodka 70cl|Stolichnaya|700|6
Vodka|Standard|Vox Vodka 70cl|Vox|700|6
Vodka|Standard|Wyborowa Vodka 70cl|Wyborowa|700|6
Whisky|Blended Scotch|Ballantines Finest 1L|Ballantines|1000|6
Whisky|Blended Scotch|Ballantines Finest 70cl|Ballantines|700|6
Whisky|Blended Scotch|Chivas Regal 12 Year Old 1L|Chivas Regal|1000|6
Whisky|Blended Scotch|Chivas Regal 12 Year Old 70cl|Chivas Regal|700|6
Whisky|Blended Scotch|Chivas Regal 18 Year Old 70cl|Chivas Regal|700|6
Whisky|Blended Scotch|Johnnie Walker Black Label 1L|Johnnie Walker|1000|6
Whisky|Blended Scotch|Johnnie Walker Black Label 70cl|Johnnie Walker|700|6
Whisky|Blended Scotch|Johnnie Walker Blue Label 70cl|Johnnie Walker|700|6
Whisky|Blended Scotch|Johnnie Walker Gold Label 70cl|Johnnie Walker|700|6
Whisky|Blended Scotch|Johnnie Walker Red Label 1L|Johnnie Walker|1000|6
Whisky|Blended Scotch|Johnnie Walker Red Label 50ml|Johnnie Walker|50|24
Whisky|Blended Scotch|Johnnie Walker Red Label 70cl|Johnnie Walker|700|6
Whisky|Bourbon|Buffalo Trace Bourbon 70cl|Buffalo Trace|700|6
Whisky|Bourbon|Four Roses Bourbon 70cl|Four Roses|700|6
Whisky|Bourbon|Jack Daniels Tennessee Whiskey 1L|Jack Daniels|1000|6
Whisky|Bourbon|Jack Daniels Tennessee Whiskey 50ml|Jack Daniels|50|24
Whisky|Bourbon|Jack Daniels Tennessee Whiskey 70cl|Jack Daniels|700|6
Whisky|Bourbon|Jim Beam Bourbon 1L|Jim Beam|1000|6
Whisky|Bourbon|Jim Beam Bourbon 70cl|Jim Beam|700|6
Whisky|Bourbon|Makers Mark Bourbon 1L|Makers Mark|1000|6
Whisky|Bourbon|Makers Mark Bourbon 70cl|Makers Mark|700|6
Whisky|Bourbon|Wild Turkey 101 Bourbon 70cl|Wild Turkey|700|6
Whisky|Bourbon|Woodford Reserve Kentucky Bourbon 70cl|Woodford Reserve|700|6
Whisky|Irish|Bushmills Irish Honey 70cl|Bushmills|700|6
Whisky|Irish|Bushmills Original Irish Whiskey 70cl|Bushmills|700|6
Whisky|Irish|Jameson Irish Whiskey 1L|Jameson|1000|6
Whisky|Irish|Jameson Irish Whiskey 50ml|Jameson|50|24
Whisky|Irish|Jameson Irish Whiskey 70cl|Jameson|700|6
Whisky|Irish|Powers Gold Label Irish Whiskey 70cl|Powers|700|6
Whisky|Irish|Teeling Small Batch Whiskey 70cl|Teeling|700|6
Whisky|Irish|Tullamore Dew Irish Whiskey 1L|Tullamore Dew|1000|6
Whisky|Irish|Tullamore Dew Irish Whiskey 70cl|Tullamore Dew|700|6
Whisky|Japanese|Hakushu 12 Year Old 70cl|Hakushu|700|6
Whisky|Japanese|Hakushu 18 Year Old 70cl|Hakushu|700|6
Whisky|Japanese|Hibiki 21 Year Old 70cl|Hibiki|700|6
Whisky|Japanese|Hibiki Harmony 70cl|Hibiki|700|6
Whisky|Japanese|Nikka From The Barrel 70cl|Nikka|700|6
Whisky|Japanese|Yamazaki 12 Year Old 70cl|Yamazaki|700|6
Whisky|Japanese|Yamazaki 18 Year Old 70cl|Yamazaki|700|6
Whisky|Single Malt Scotch|Ardbeg An Oa 70cl|Ardbeg|700|6
Whisky|Single Malt Scotch|Ardbeg Uigeadail 70cl|Ardbeg|700|6
Whisky|Single Malt Scotch|Balvenie 12 Year Old DoubleCask 70cl|Balvenie|700|6
Whisky|Single Malt Scotch|Balvenie 15 Year Old SolariaSoftwood 70cl|Balvenie|700|6
Whisky|Single Malt Scotch|Balvenie 21 Year Old PortWood 70cl|Balvenie|700|6
Whisky|Single Malt Scotch|Ben Nevis 10 Year Old 70cl|Ben Nevis|700|6
Whisky|Single Malt Scotch|Dalmore 12 Year Old 70cl|Dalmore|700|6
Whisky|Single Malt Scotch|Dalmore 15 Year Old 70cl|Dalmore|700|6
Whisky|Single Malt Scotch|Dalmore 18 Year Old 70cl|Dalmore|700|6
Whisky|Single Malt Scotch|Glenfiddich 12 Year Old 50ml|Glenfiddich|50|24
Whisky|Single Malt Scotch|Glenfiddich 12 Year Old 70cl|Glenfiddich|700|6
Whisky|Single Malt Scotch|Glenfiddich 15 Year Old 70cl|Glenfiddich|700|6
Whisky|Single Malt Scotch|Glenfiddich 18 Year Old 70cl|Glenfiddich|700|6
Whisky|Single Malt Scotch|Glenlivet 12 Year Old 50ml|Glenlivet|50|24
Whisky|Single Malt Scotch|Glenlivet 12 Year Old 70cl|Glenlivet|700|6
Whisky|Single Malt Scotch|Glenlivet 15 Year Old 70cl|Glenlivet|700|6
Whisky|Single Malt Scotch|Glenlivet 18 Year Old 70cl|Glenlivet|700|6
Whisky|Single Malt Scotch|Glenmorangie 10 Year Old 70cl|Glenmorangie|700|6
Whisky|Single Malt Scotch|Glenmorangie Signet 70cl|Glenmorangie|700|6
Whisky|Single Malt Scotch|Highland Park 12 Year Old 70cl|Highland Park|700|6
Whisky|Single Malt Scotch|Highland Park 18 Year Old 70cl|Highland Park|700|6
Whisky|Single Malt Scotch|Laphroaig 10 Year Old 50ml|Laphroaig|50|24
Whisky|Single Malt Scotch|Laphroaig 10 Year Old 70cl|Laphroaig|700|6
Whisky|Single Malt Scotch|Laphroaig 15 Year Old 70cl|Laphroaig|700|6
Whisky|Single Malt Scotch|Laphroaig 18 Year Old 70cl|Laphroaig|700|6
Whisky|Single Malt Scotch|Mortlach 26 Year Old Special Release 70cl|Mortlach|700|6
Whisky|Single Malt Scotch|Oban 14 Year Old 70cl|Oban|700|6
Whisky|Single Malt Scotch|Scapa 16 Year Old 70cl|Scapa|700|6
Whisky|Single Malt Scotch|Talisker 10 Year Old 50ml|Talisker|50|24
Whisky|Single Malt Scotch|Talisker 10 Year Old 70cl|Talisker|700|6
Whisky|Single Malt Scotch|Talisker 25 Year Old 70cl|Talisker|700|6
Wine|Albariño|Albariño Rias Baixas Spain 75cl|Rias Baixas|750|6
Wine|Albariño|Albariño Spain 75cl|Spanish Albariño|750|6
Wine|Cabernet Sauvignon|Cabernet Sauvignon Bordeaux France 75cl|Bordeaux Chateau|750|6
Wine|Cabernet Sauvignon|Cabernet Sauvignon Washington State 75cl|Columbia Crest|750|6
Wine|Cabernet Sauvignon|Cabernet Sauvignon Coonawarra Australia 75cl|Coonawarra|750|6
Wine|Cabernet Sauvignon|Cabernet Sauvignon Margaret River Australia 75cl|Margaret River|750|6
Wine|Cabernet Sauvignon|Cabernet Sauvignon Napa Valley California 75cl|Napa Cabernet|750|6
Wine|Cabernet Sauvignon|Cabernet Sauvignon Pauillac France 75cl|Pauillac|750|6
Wine|Cabernet Sauvignon|Cabernet Sauvignon Sonoma California 75cl|Sonoma|750|6
Wine|Cava|Cava Extra Dry Spain 75cl|Cava Estate|750|6
Wine|Cava|Codorniu Cava 75cl|Codorniu|750|6
Wine|Cava|Freixenet Cava 75cl|Freixenet|750|6
Wine|Cava|Cava Brut Spain 75cl|Spanish Cava|750|6
Wine|Champagne|Champagne Non-Vintage Brut 150cl Magnum|Champagne Estate|1500|3
Wine|Champagne|Champagne Non-Vintage Brut 200ml|Champagne Estate|200|24
Wine|Champagne|Champagne Non-Vintage Brut 75cl|Champagne Estate|750|6
Wine|Champagne|Cristal Champagne 75cl|Cristal|750|6
Wine|Champagne|Dom Perignon Vintage 75cl|Dom Perignon|750|6
Wine|Champagne|Krug Champagne Clos d Ambonnay 75cl|Krug|750|6
Wine|Champagne|Moet Chandon Brut Imperial 75cl|Moet Chandon|750|6
Wine|Champagne|Veuve Clicquot Yellow Label 75cl|Veuve Clicquot|750|6
Wine|Chardonnay|Chardonnay Australia 75cl|Australian Chardonnay|750|6
Wine|Chardonnay|Chardonnay Burgundy France 75cl|Burgundy Chardonnay|750|6
Wine|Chardonnay|Chardonnay Chablis France 75cl|Chablis|750|6
Wine|Chardonnay|Chardonnay Napa Valley California 75cl|Napa Chardonnay|750|6
Wine|Chardonnay|Chardonnay Pouilly Fuisse France 75cl|Pouilly Fuisse|750|6
Wine|Chardonnay|Chardonnay Sonoma California 75cl|Sonoma Chardonnay|750|6
Wine|English Sparkling|Camel Valley Sparkling England 75cl|Camel Valley|750|6
Wine|English Sparkling|Nyetimber English Sparkling 75cl|Nyetimber|750|6
Wine|English Sparkling|Ridgeview English Sparkling 75cl|Ridgeview|750|6
Wine|French White|Muscadet Loire Valley France 75cl|Muscadet|750|6
Wine|French White|Viognier Rhone Valley France 75cl|Viognier|750|6
Wine|Gruner Veltliner|Gruner Veltliner Austria 75cl|Austrian GV|750|6
Wine|Gruner Veltliner|Gruner Veltliner Danube Austria 75cl|Danube Valley|750|6
Wine|Italian Red|Barbaresco Italy 75cl|Barbaresco Estate|750|6
Wine|Italian Red|Nebbiolo Italy 75cl|Nebbiolo Wine|750|6
Wine|Italian Red|Barolo Italy 75cl|Piedmont|750|6
Wine|Italian White|Vermentino Italy 75cl|Vermentino|750|6
Wine|Madeira|Madeira Bual Medium Sweet 75cl|Bual|750|6
Wine|Madeira|Madeira Malmsey Sweet 75cl|Malmsey|750|6
Wine|Madeira|Madeira Sercial Dry 75cl|Sercial|750|6
Wine|Madeira|Madeira Verdelho Medium Dry 75cl|Verdelho|750|6
Wine|Merlot|Merlot Bordeaux France 75cl|Bordeaux Estate|750|6
Wine|Merlot|Merlot Chile 75cl|Chile Vintner|750|6
Wine|Merlot|Merlot California Napa Valley 75cl|Napa Valley|750|6
Wine|Merlot|Merlot Pomerol France 75cl|Pomerol|750|6
Wine|Merlot|Merlot Washington State 75cl|Washington|750|6
Wine|Pinot Grigio|Pinot Grigio Alto Adige Italy 75cl|Alto Adige|750|6
Wine|Pinot Grigio|Pinot Grigio Friuli Italy 75cl|Friuli Pinot Grigio|750|6
Wine|Pinot Grigio|Pinot Grigio Veneto Italy 75cl|Veneto|750|6
Wine|Pinot Noir|Pinot Noir Burgundy France 75cl|Burgundy Estate|750|6
Wine|Pinot Noir|Pinot Noir California USA 75cl|California Vintner|750|6
Wine|Pinot Noir|Pinot Noir Central Otago New Zealand 75cl|Central Otago|750|6
Wine|Pinot Noir|Pinot Noir Givry France 75cl|Givry|750|6
Wine|Pinot Noir|Pinot Noir Marlborough New Zealand 75cl|Marlborough|750|6
Wine|Pinot Noir|Pinot Noir Oregon Willamette 75cl|Willamette Valley|750|6
Wine|Pinot Noir|Pinot Noir Yarra Valley Australia 75cl|Yarra Valley|750|6
Wine|Port|Port LBV Late Bottled Vintage 75cl|LBV Port|750|6
Wine|Port|Port Tawny 20 Year 75cl|Premium Tawny|750|6
Wine|Port|Port Ruby 75cl|Ruby Port|750|6
Wine|Port|Port Tawny 10 Year 75cl|Tawny Port|750|6
Wine|Port|Port Vintage 75cl|Vintage Port|750|6
Wine|Prosecco|Prosecco DOC Brut 75cl|Prosecco Estate|750|6
Wine|Prosecco|Prosecco 150cl Magnum 75cl|Prosecco Magnum|1500|3
Wine|Prosecco|Prosecco DOCG Superior 75cl|Prosecco Premium|750|6
Wine|Prosecco|Prosecco DOCG Extra Dry 75cl|Valdobbiadene|750|6
Wine|Red Blend|Carmenere Chile 75cl|Chilean Red|750|6
Wine|Red Blend|Red Blend Mixed Varieties 75cl|Red Blend Estate|750|6
Wine|Riesling|Riesling Alsace France 75cl|Alsace Riesling|750|6
Wine|Riesling|Riesling Australia Clare Valley 75cl|Clare Valley|750|6
Wine|Riesling|Riesling Mosel Germany 75cl|Mosel|750|6
Wine|Riesling|Riesling Rhine Valley Germany 75cl|Rhine Valley|750|6
Wine|Rioja|Rioja Crianza Spain 75cl|Rioja Crianza|750|6
Wine|Rioja|Rioja Tempranillo Spain 75cl|Rioja Estate|750|6
Wine|Rioja|Rioja Gran Reserva Spain 75cl|Rioja Gran Reserva|750|6
Wine|Rioja|Rioja Reserva Spain 75cl|Rioja Reserva|750|6
Wine|Sauvignon Blanc|Sauvignon Blanc California 75cl|California SB|750|6
Wine|Sauvignon Blanc|Sauvignon Blanc Chile 75cl|Chilean SB|750|6
Wine|Sauvignon Blanc|Sauvignon Blanc Loire Valley France 75cl|Loire Valley|750|6
Wine|Sauvignon Blanc|Sauvignon Blanc Marlborough NZ 75cl|Marlborough SB|750|6
Wine|Sauvignon Blanc|Sauvignon Blanc New Zealand 75cl|New Zealand SB|750|6
Wine|Sauvignon Blanc|Sauvignon Blanc Pouilly Fume France 75cl|Pouilly Fume|750|6
Wine|Sauvignon Blanc|Sauvignon Blanc Sancerre France 75cl|Sancerre|750|6
Wine|Sherry|Sherry Amontillado Medium 75cl|Amontillado|750|6
Wine|Sherry|Sherry Cream Sweet 75cl|Cream Sherry|750|6
Wine|Sherry|Sherry Fino Dry 75cl|Fino Sherry|750|6
Wine|Sherry|Sherry Manzanilla Dry 75cl|Manzanilla|750|6
Wine|Sherry|Sherry Oloroso Rich 75cl|Oloroso|750|6
Wine|Sherry|Sherry Pedro Ximenez Sweet 75cl|Pedro Ximenez|750|6
Wine|Shiraz|Shiraz Barossa Valley Australia 75cl|Barossa Valley|750|6
Wine|Shiraz|Shiraz Heathcote Australia 75cl|Heathcote|750|6
Wine|Shiraz|Syrah Hermitage France 75cl|Hermitage|750|6
Wine|Shiraz|Shiraz McLaren Vale Australia 75cl|McLaren Vale|750|6
Wine|Shiraz|Syrah Rhone Valley France 75cl|Rhone Valley|750|6
Wine|Spanish Red|Grenache Rhone Valley France 75cl|Rhone Grenache|750|6
Wine|Super Tuscan|Super Tuscan Merlot Cabernet Italy 75cl|Italian Estate|750|6
Wine|Super Tuscan|Super Tuscan Cabernet Blend Italy 75cl|Tuscan Blend|750|6
Wine|Super Tuscan|Super Tuscan Sangiovese Cabernet Italy 75cl|Tuscan Sangiovese|750|6
Wine|Vermouth|Vermouth Dry Bianco 75cl|Dry Vermouth|750|6
Wine|Vermouth|Vermouth Dry Extra 75cl|Extra Dry|750|6
Wine|Vermouth|Vermouth French Dry 75cl|French Dry|750|6
Wine|Vermouth|Vermouth Italian Sweet 75cl|Italian Vermouth|750|6
Wine|Vermouth|Martini Vermouth Extra Dry 75cl|Martini|750|6
Wine|Vermouth|Martini Vermouth Rosso 75cl|Martini Rosso|750|6
Wine|Vermouth|Vermouth Sweet Red 75cl|Sweet Vermouth|750|6
Wine|White Blend|White Blend Mixed Varieties 75cl|White Blend Estate|750|6
Wines|Bag-in-Box Wine|BIB Wine Company Red|BIB Wine Company|2250|4
Wines|Bag-in-Box Wine|BIB Wine Company Rosé|BIB Wine Company|2250|4
Wines|Bag-in-Box Wine|BIB Wine Company White|BIB Wine Company|2250|4
Wines|Bag-in-Box Wine|Isla Negra Cabernet Sauvignon|Isla Negra|2250|4
Wines|Bag-in-Box Wine|Shallow Bay Sauvignon Blanc|Shallow Bay|2250|4
Wines|Bag-in-Box Wine|Stowells Cabernet Sauvignon|Stowells|2250|4
Wines|Bag-in-Box Wine|Stowells Chardonnay|Stowells|2250|4
Wines|Bag-in-Box Wine|Stowells Merlot|Stowells|2250|4
Wines|Bag-in-Box Wine|Stowells Pinot Grigio|Stowells|2250|4
Wines|Bag-in-Box Wine|Stowells Rosé|Stowells|2250|4
Wines|Bag-in-Box Wine|Stowells Sauvignon Blanc|Stowells|2250|4
Wines|Bag-in-Box Wine|Stowells Shiraz|Stowells|2250|4
Wines|Bag-in-Box Wine|Torri Cantine Montepulciano|Torri Cantine|3000|4
Wines|Bag-in-Box Wine|Torri Cantine Trebbiano|Torri Cantine|3000|4
Wines|Bag-in-Box Wine|Wine Route Fruity Red|Wine Route|3000|4
Wines|Bag-in-Box Wine|Wine Route Zesty White|Wine Route|3000|4
Wines|Bottled Wine|19 Crimes Red Blend|19 Crimes|750|12
Wines|Bottled Wine|19 Crimes The Uprising Rum Aged|19 Crimes|750|12
Wines|Bottled Wine|Barefoot Cabernet Sauvignon|Barefoot|750|12
Wines|Bottled Wine|Barefoot Chardonnay|Barefoot|750|12
Wines|Bottled Wine|Barefoot Merlot|Barefoot|750|12
Wines|Bottled Wine|Barefoot Pink Moscato|Barefoot|750|12
Wines|Bottled Wine|Barefoot Pinot Grigio|Barefoot|750|12
Wines|Bottled Wine|Barefoot Pinot Noir|Barefoot|750|12
Wines|Bottled Wine|Barefoot Rosé|Barefoot|750|12
Wines|Bottled Wine|Barefoot Sauvignon Blanc|Barefoot|750|12
Wines|Bottled Wine|Barefoot Shiraz|Barefoot|750|12
Wines|Bottled Wine|Barefoot White Zinfandel|Barefoot|750|12
Wines|Bottled Wine|Blossom Hill Cabernet Sauvignon|Blossom Hill|750|12
Wines|Bottled Wine|Blossom Hill Chardonnay|Blossom Hill|750|12
Wines|Bottled Wine|Blossom Hill Merlot|Blossom Hill|750|12
Wines|Bottled Wine|Blossom Hill Pinot Grigio|Blossom Hill|750|12
Wines|Bottled Wine|Blossom Hill Rosé|Blossom Hill|750|12
Wines|Bottled Wine|Blossom Hill Sauvignon Blanc|Blossom Hill|750|12
Wines|Bottled Wine|Blossom Hill Shiraz|Blossom Hill|750|12
Wines|Bottled Wine|Blossom Hill White Zinfandel|Blossom Hill|750|12
Wines|Bottled Wine|Campo Viejo Rioja Gran Reserva|Campo Viejo|750|6
Wines|Bottled Wine|Campo Viejo Rioja Reserva|Campo Viejo|750|12
Wines|Bottled Wine|Campo Viejo Rioja Tempranillo|Campo Viejo|750|12
Wines|Bottled Wine|Casillero del Diablo Cabernet Sauvignon|Casillero del Diablo|750|12
Wines|Bottled Wine|Casillero del Diablo Carmenere|Casillero del Diablo|750|12
Wines|Bottled Wine|Casillero del Diablo Chardonnay|Casillero del Diablo|750|12
Wines|Bottled Wine|Casillero del Diablo Merlot|Casillero del Diablo|750|12
Wines|Bottled Wine|Casillero del Diablo Rosé|Casillero del Diablo|750|12
Wines|Bottled Wine|Casillero del Diablo Sauvignon Blanc|Casillero del Diablo|750|12
Wines|Bottled Wine|Echo Falls Cabernet Sauvignon|Echo Falls|750|12
Wines|Bottled Wine|Echo Falls Chardonnay|Echo Falls|750|12
Wines|Bottled Wine|Echo Falls Merlot|Echo Falls|750|12
Wines|Bottled Wine|Echo Falls Pinot Grigio|Echo Falls|750|12
Wines|Bottled Wine|Echo Falls Rosé|Echo Falls|750|12
Wines|Bottled Wine|Echo Falls Sauvignon Blanc|Echo Falls|750|12
Wines|Bottled Wine|Echo Falls Summer Berries|Echo Falls|750|12
Wines|Bottled Wine|Echo Falls White Zinfandel|Echo Falls|750|12
Wines|Bottled Wine|Gallo Family Vineyards Cabernet Sauvignon|Gallo|750|12
Wines|Bottled Wine|Gallo Family Vineyards Chardonnay|Gallo|750|12
Wines|Bottled Wine|Gallo Family Vineyards White Zinfandel|Gallo|750|12
Wines|Bottled Wine|Hardys Cabernet Sauvignon|Hardys|750|12
Wines|Bottled Wine|Hardys Chardonnay|Hardys|750|12
Wines|Bottled Wine|Hardys Merlot|Hardys|750|12
Wines|Bottled Wine|Hardys Pinot Grigio|Hardys|750|12
Wines|Bottled Wine|Hardys Pinot Noir|Hardys|750|12
Wines|Bottled Wine|Hardys Rosé|Hardys|750|12
Wines|Bottled Wine|Hardys Sauvignon Blanc|Hardys|750|12
Wines|Bottled Wine|Hardys Shiraz|Hardys|750|12
Wines|Bottled Wine|Jacobs Creek Cabernet Sauvignon|Jacob's Creek|750|12
Wines|Bottled Wine|Jacobs Creek Chardonnay|Jacob's Creek|750|12
Wines|Bottled Wine|Jacobs Creek Pinot Grigio|Jacob's Creek|750|12
Wines|Bottled Wine|Jacobs Creek Rosé|Jacob's Creek|750|12
Wines|Bottled Wine|Jacobs Creek Sauvignon Blanc|Jacob's Creek|750|12
Wines|Bottled Wine|Jacobs Creek Shiraz|Jacob's Creek|750|12
Wines|Bottled Wine|Oyster Bay Chardonnay|Oyster Bay|750|12
Wines|Bottled Wine|Oyster Bay Pinot Noir|Oyster Bay|750|12
Wines|Bottled Wine|Oyster Bay Sauvignon Blanc|Oyster Bay|750|12
Wines|Bottled Wine|Malbec Reserva|Trivento|750|12
Wines|Bottled Wine|Sauvignon Blanc Reserva|Trivento|750|12
Wines|Bottled Wine|Yellow Tail Cabernet Sauvignon|Yellow Tail|750|12
Wines|Bottled Wine|Yellow Tail Chardonnay|Yellow Tail|750|12
Wines|Bottled Wine|Yellow Tail Merlot|Yellow Tail|750|12
Wines|Bottled Wine|Yellow Tail Pinot Grigio|Yellow Tail|750|12
Wines|Bottled Wine|Yellow Tail Rosé|Yellow Tail|750|12
Wines|Bottled Wine|Yellow Tail Sauvignon Blanc|Yellow Tail|750|12
Wines|Bottled Wine|Yellow Tail Shiraz|Yellow Tail|750|12
Wines|Fortified Wine|Cockburn's Fine Ruby Port|Cockburn's|750|6
Wines|Fortified Wine|Cockburn's Special Reserve Port|Cockburn's|750|6
Wines|Fortified Wine|Croft Original Pale Cream Sherry|Croft|375|12
Wines|Fortified Wine|Croft Original Pale Cream Sherry|Croft|750|12
Wines|Fortified Wine|Dow's Fine Ruby Port|Dow's|750|6
Wines|Fortified Wine|Fonseca Bin 27 Port|Fonseca|750|6
Wines|Fortified Wine|Tio Pepe Fino Sherry|Gonzalez Byass|375|12
Wines|Fortified Wine|Tio Pepe Fino Sherry|Gonzalez Byass|750|12
Wines|Fortified Wine|Graham's 10 Year Old Tawny Port|Graham's|750|6
Wines|Fortified Wine|Graham's Late Bottled Vintage Port|Graham's|750|6
Wines|Fortified Wine|Graham's Six Grapes Reserve Port|Graham's|750|6
Wines|Fortified Wine|Harveys Bristol Cream Sherry|Harveys|375|12
Wines|Fortified Wine|Harveys Bristol Cream Sherry|Harveys|750|12
Wines|Fortified Wine|Lustau East India Solera Sherry|Lustau|750|6
Wines|Fortified Wine|Sandeman Ruby Port|Sandeman|750|6
Wines|Fortified Wine|Sandeman Tawny Port|Sandeman|750|6
Wines|Fortified Wine|Taylor's 10 Year Old Tawny Port|Taylor's|750|6
Wines|Fortified Wine|Taylor's Late Bottled Vintage Port|Taylor's|750|6
Wines|Fortified Wine|Warre's Warrior Reserve Port|Warre's|750|6
Wines|Low & No Alcohol Wine|Eisberg Cabernet Sauvignon|Eisberg|750|6
Wines|Low & No Alcohol Wine|Eisberg Chardonnay|Eisberg|750|6
Wines|Low & No Alcohol Wine|Eisberg Rosé|Eisberg|750|6
Wines|Low & No Alcohol Wine|Eisberg Sauvignon Blanc|Eisberg|750|6
Wines|Low & No Alcohol Wine|McGuigan Zero Chardonnay|McGuigan|750|6
Wines|Low & No Alcohol Wine|McGuigan Zero Rosé|McGuigan|750|6
Wines|Low & No Alcohol Wine|McGuigan Zero Sauvignon Blanc|McGuigan|750|6
Wines|Low & No Alcohol Wine|McGuigan Zero Shiraz|McGuigan|750|6
Wines|Sparkling Wine|Bollinger Special Cuvée|Bollinger|750|6
Wines|Sparkling Wine|Bottega Gold Prosecco|Bottega|750|6
Wines|Sparkling Wine|Codorníu Cava Clásico Brut|Codorníu|750|12
Wines|Sparkling Wine|Freixenet Cava Cordon Negro Brut|Freixenet|750|12
Wines|Sparkling Wine|Freixenet Prosecco DOC|Freixenet|750|12
Wines|Sparkling Wine|Galeotti Prosecco|Galeotti|750|12
Wines|Sparkling Wine|La Marca Prosecco|La Marca|750|12
Wines|Sparkling Wine|Lanson Black Label Brut|Lanson|750|6
Wines|Sparkling Wine|Laurent-Perrier La Cuvée Brut|Laurent-Perrier|750|6
Wines|Sparkling Wine|Mionetto Prosecco DOC|Mionetto|750|12
Wines|Sparkling Wine|Moët & Chandon Brut Imperial|Moët & Chandon|750|6
Wines|Sparkling Wine|Perrier-Jouët Grand Brut|Perrier-Jouët|750|6
Wines|Sparkling Wine|Piper-Heidsieck Brut|Piper-Heidsieck|750|6
Wines|Sparkling Wine|Taittinger Brut Reserve|Taittinger|750|6
Wines|Sparkling Wine|Veuve Clicquot Yellow Label Brut|Veuve Clicquot|750|6
